source_file,source_path,extraction_status,extraction_error,evaluation_metadata.benchmark_run_metadata.benchmark_run_id,evaluation_metadata.benchmark_run_metadata.interview_id,evaluation_metadata.benchmark_run_metadata.system_prompt_id,evaluation_metadata.benchmark_run_metadata.system_prompt_generator,evaluation_metadata.benchmark_run_metadata.rag_model_id,evaluation_metadata.benchmark_run_metadata.corpus_condition,evaluation_metadata.benchmark_run_metadata.replicate_id,evaluation_metadata.condition,evaluation_metadata.scenario_id,comparison_ready_summary.primary_recommended_comparison_threshold,comparison_ready_summary.confidence_tradeoff.increment_from_high_and_moderate_to_all_confidence,comparison_ready_summary.confidence_tradeoff.increment_from_high_to_high_and_moderate,comparison_ready_summary.mechanism_first_identification.all_identified_confidence_levels.f1,comparison_ready_summary.mechanism_first_identification.all_identified_confidence_levels.false_negatives,comparison_ready_summary.mechanism_first_identification.all_identified_confidence_levels.false_positives,comparison_ready_summary.mechanism_first_identification.all_identified_confidence_levels.precision,comparison_ready_summary.mechanism_first_identification.all_identified_confidence_levels.recall,comparison_ready_summary.mechanism_first_identification.all_identified_confidence_levels.true_positives,comparison_ready_summary.mechanism_first_identification.high_and_moderate.f1,comparison_ready_summary.mechanism_first_identification.high_and_moderate.false_negatives,comparison_ready_summary.mechanism_first_identification.high_and_moderate.false_positives,comparison_ready_summary.mechanism_first_identification.high_and_moderate.precision,comparison_ready_summary.mechanism_first_identification.high_and_moderate.recall,comparison_ready_summary.mechanism_first_identification.high_and_moderate.true_positives,comparison_ready_summary.mechanism_first_identification.high_only.f1,comparison_ready_summary.mechanism_first_identification.high_only.false_negatives,comparison_ready_summary.mechanism_first_identification.high_only.false_positives,comparison_ready_summary.mechanism_first_identification.high_only.precision,comparison_ready_summary.mechanism_first_identification.high_only.recall,comparison_ready_summary.mechanism_first_identification.high_only.true_positives,comparison_ready_summary.segment_detection.all_identified_confidence_levels.correct_rejections,comparison_ready_summary.segment_detection.all_identified_confidence_levels.f1,comparison_ready_summary.segment_detection.all_identified_confidence_levels.false_alarm_rate,comparison_ready_summary.segment_detection.all_identified_confidence_levels.false_alarms,comparison_ready_summary.segment_detection.all_identified_confidence_levels.hit_rate,comparison_ready_summary.segment_detection.all_identified_confidence_levels.hits,comparison_ready_summary.segment_detection.all_identified_confidence_levels.misses,comparison_ready_summary.segment_detection.high_and_moderate.correct_rejections,comparison_ready_summary.segment_detection.high_and_moderate.f1,comparison_ready_summary.segment_detection.high_and_moderate.false_alarm_rate,comparison_ready_summary.segment_detection.high_and_moderate.false_alarms,comparison_ready_summary.segment_detection.high_and_moderate.hit_rate,comparison_ready_summary.segment_detection.high_and_moderate.hits,comparison_ready_summary.segment_detection.high_and_moderate.misses,comparison_ready_summary.segment_detection.high_only.correct_rejections,comparison_ready_summary.segment_detection.high_only.f1,comparison_ready_summary.segment_detection.high_only.false_alarm_rate,comparison_ready_summary.segment_detection.high_only.false_alarms,comparison_ready_summary.segment_detection.high_only.hit_rate,comparison_ready_summary.segment_detection.high_only.hits,comparison_ready_summary.segment_detection.high_only.misses,comparison_ready_summary.strict_instance_identification.all_identified_confidence_levels.f1,comparison_ready_summary.strict_instance_identification.all_identified_confidence_levels.false_negatives,comparison_ready_summary.strict_instance_identification.all_identified_confidence_levels.false_positives,comparison_ready_summary.strict_instance_identification.all_identified_confidence_levels.precision,comparison_ready_summary.strict_instance_identification.all_identified_confidence_levels.recall,comparison_ready_summary.strict_instance_identification.all_identified_confidence_levels.true_positives,comparison_ready_summary.strict_instance_identification.high_and_moderate.f1,comparison_ready_summary.strict_instance_identification.high_and_moderate.false_negatives,comparison_ready_summary.strict_instance_identification.high_and_moderate.false_positives,comparison_ready_summary.strict_instance_identification.high_and_moderate.precision,comparison_ready_summary.strict_instance_identification.high_and_moderate.recall,comparison_ready_summary.strict_instance_identification.high_and_moderate.true_positives,comparison_ready_summary.strict_instance_identification.high_only.f1,comparison_ready_summary.strict_instance_identification.high_only.false_negatives,comparison_ready_summary.strict_instance_identification.high_only.false_positives,comparison_ready_summary.strict_instance_identification.high_only.precision,comparison_ready_summary.strict_instance_identification.high_only.recall,comparison_ready_summary.strict_instance_identification.high_only.true_positives,comparison_ready_summary.taxonomy_gap.all_identified_confidence_levels.mechanism_first_f1_minus_strict_f1,comparison_ready_summary.taxonomy_gap.high_and_moderate.mechanism_first_f1_minus_strict_f1,comparison_ready_summary.taxonomy_gap.high_only.mechanism_first_f1_minus_strict_f1,evaluation_metadata.benchmark_run_metadata.decoding_configuration_id,evaluation_metadata.benchmark_run_metadata.retrieval_configuration_id,evaluation_metadata.benchmark_run_metadata.segment_map_id,evaluation_metadata.benchmark_run_metadata.temperature,evaluation_metadata.domain_id,evaluation_metadata.rag_output_parse_status,evaluation_metadata.rag_schema_assessment,evaluation_metadata.segment_map_status,evaluation_metadata.task,overall_evaluation_summary.benchmark_interpretation,overall_evaluation_summary.hidden_total_planned_occurrences,overall_evaluation_summary.main_failure_modes,overall_evaluation_summary.main_strengths,overall_evaluation_summary.mechanism_first_result,overall_evaluation_summary.rag_total_candidate_biases,overall_evaluation_summary.rag_total_identified_occurrences,overall_evaluation_summary.segment_level_primary_result,overall_evaluation_summary.strict_label_plus_mechanism_result
Analysis Gemini Embed HC_Ambigious_2.json,C:\Users\Joost\Thesis\Data_Analysis\1HC\Full\Analysis Gemini Embed HC_Ambigious_2.json,ok,,HC_Ambigious_2_Gemini_on,HC_Ambigious_2,Gemini,Prompt 1_2,v1.0.0,on,,ambiguous_control,,high_and_moderate,No change; there are no identified occurrences at any confidence level.,No change; candidates are excluded and there are no identified occurrences.,0.0,0,0,0.0,0.0,0,0.0,0,0,0.0,0.0,0,0.0,0,0,0.0,0.0,0,16,0.0,0.0,0,0.0,0,0,16,0.0,0.0,0,0.0,0,0,16,0.0,0.0,0,0.0,0,0,0.0,0,0,0.0,0.0,0,0.0,0,0,0.0,0.0,0,0.0,0,0,0.0,0.0,0,0.0,0.0,0.0,,k=25,,1,,valid_json,conformant,generated_not_prevalidated,ontology_free_rag_cognitive_bias_benchmark_evaluation,This run is a successful ambiguous-control result. The RAG system abstained from Impact Bias and Omission Bias claims and handled plausible near-neighbor interpretations as rejected candidates.,0,[],"[""Correctly produced no identified bias occurrences in a zero-occurrence control."",""Appropriately retained four plausible alternatives as non-counted candidates."",""Used valid interview evidence without fabricated or unsupported occurrence quotes.""]",No target occurrences were requested or identified; occurrence counts match exactly.,4,0,Perfect zero-bias-control detection: 16 correct rejections and no false alarms.,No target occurrences were requested or identified; occurrence counts match exactly.
Analysis Gemini Embed HC_Biased_1.json,C:\Users\Joost\Thesis\Data_Analysis\1HC\Full\Analysis Gemini Embed HC_Biased_1.json,ok,,HC_Biased_1_Gemini_on,HC_Biased_1,Gemini,Prompt 1_2,v1.0.0,on,,biased,HC_Biased_1,high_and_moderate,No change; there are no low-confidence identified occurrences.,"Adding moderate-confidence findings changes segment detection from 0.0 to 1.0 hit rate and mechanism-first instance F1 from 0.0 to 0.666667, while strict F1 remains 0.0.",0.666667,0,1,0.5,1.0,1,0.666667,0,1,0.5,1.0,1,0.0,1,0,0.0,0.0,0,7,1.0,0.0,0,1.0,1,0,7,1.0,0.0,0,1.0,1,0,7,0.0,0.0,0,0.0,0,1,0.0,1,2,0.0,0.0,0,0.0,1,2,0.0,0.0,0,0.0,1,0,0.0,0.0,0,0.666667,0.666667,0.0,,k=25,,1,HC,valid_json,conformant,generated_not_prevalidated,ontology_free_rag_cognitive_bias_benchmark_evaluation,The run detects the target reasoning episode and its mechanism but fails strict ontology matching because it labels Expectation Bias as anchoring and overdetects a related but distinct search-termination construct.,1,"[""Wrong target label despite correct localization and mechanism."",""Additional search-satisficing claim with a distinct diagnostic-search mechanism."",""All findings were only moderate confidence.""]","[""Exact valid interview evidence for the primary finding."",""Correct localization to the post-ECG ambiguous-vital-sign episode."",""No negative-segment false alarms and no unsupported or fabricated quotes.""]","One mechanism-first true positive and one partial-mechanism false positive, yielding precision 0.5, recall 1.0, and F1 0.666667 at moderate-inclusive thresholds.",0,2,"Perfect segment-level detection at high_and_moderate and all-confidence thresholds: 1 hit, 0 misses, 0 false alarms, and 7 correct rejections.",No strict true positive: anchoring is a near-neighbor label despite full mechanism and exact localization; search satisficing is an additional partial-mechanism prediction.
Analysis Gemini Embed HC_Biased_2.json,C:\Users\Joost\Thesis\Data_Analysis\1HC\Full\Analysis Gemini Embed HC_Biased_2.json,ok,,HC_Biased_2_Gemini_on,HC_Biased_2,Gemini,Prompt 1_2,v1.0.0,on,,biased,HC_Biased_2,high_and_moderate,"Adding the low-confidence Omission Bias occurrence raises segment hit rate from 0.5 to 1.0 and mechanism-first F1 from 0.5 to 0.8, while strict F1 rises from 0.0 to 0.4.","No change: the correctly localized Omission Bias occurrence is low confidence, so moderate-inclusive scoring remains at segment hit rate 0.5 and mechanism-first F1 0.5.",0.8,0,1,0.666667,1.0,2,0.5,1,1,0.5,0.5,1,0.5,1,1,0.5,0.5,1,18,1.0,0.0,0,1.0,2,0,18,0.666667,0.0,0,0.5,1,1,18,0.666667,0.0,0,0.5,1,1,0.4,1,2,0.333333,0.5,1,0.0,2,2,0.0,0.0,0,0.0,2,2,0.0,0.0,0,0.4,0.5,0.5,,k=25,,1,HC,valid_json,conformant,generated_not_prevalidated,ontology_free_rag_cognitive_bias_benchmark_evaluation,This run shows strong mechanism-sensitive detection but weaker strict ontology adherence and confidence calibration. The main taxonomy gap is the substitution of Affect Heuristic for the hidden Impact Bias construct.,2,"[""The correct Omission Bias occurrence was assigned low confidence, causing it to be excluded from the recommended threshold."",""Impact Bias was labeled as Affect Heuristic, producing a strict taxonomy error despite full mechanism and localization agreement."",""An additional Omission Bias occurrence was assigned to the wrong decision episode.""]","[""All identified occurrences used valid interview evidence."",""The Impact Bias mechanism was localized correctly and captured fully."",""Candidates were appropriately withheld rather than promoted without sufficient mechanism evidence."",""No negative eligible segment was falsely flagged.""]","Mechanism-first performance is 0.5 F1 at high-only and high-and-moderate thresholds and 0.8 F1 at all confidence levels, with both hidden mechanisms correctly localized and supported when low confidence is included.",2,3,"At the recommended high-and-moderate threshold, the run detects one of two positive reasoning segments with no segment false alarms; including low confidence yields complete segment detection.","Strict performance is zero at high-only and high-and-moderate thresholds because the correct Omission Bias prediction is low confidence and the Impact Bias prediction uses the near-neighbor Affect Heuristic label; all-confidence strict precision is 0.333, recall 0.5, and F1 0.4."
Analysis Gemini Embed HC_Biased_3.json,C:\Users\Joost\Thesis\Data_Analysis\1HC\Full\Analysis Gemini Embed HC_Biased_3.json,ok,,HC_Biased_3_Gemini_on,HC_Biased_3,Gemini,Prompt 1_2,v1.0.0,on,,biased,HC_Biased_3,high_and_moderate,No change; there are no low-confidence identified occurrences.,"Segment F1 rises from 0.5000 to 0.8000 and mechanism-first instance F1 rises from 0.5000 to 0.6667, while strict instance F1 falls from 0.5000 to 0.3333 because moderate near-neighbor and duplicate claims add strict false positives.",0.6667,1,1,0.6667,0.6667,2,0.6667,1,1,0.6667,0.6667,2,0.5,2,0,1.0,0.3333,1,5,0.8,0.0,0,0.6667,2,1,5,0.8,0.0,0,0.6667,2,1,5,0.5,0.0,0,0.3333,1,2,0.3333,2,2,0.3333,0.3333,1,0.3333,2,2,0.3333,0.3333,1,0.5,2,0,1.0,0.3333,1,0.3333,0.3333,0.0,,k=25,,1,HC,valid_json,conformant,generated_not_prevalidated,ontology_free_rag_cognitive_bias_benchmark_evaluation,"This run has strong segment detection and good mechanism coverage at moderate confidence, but strict ontology performance is limited by near-neighbor labeling and duplicate reporting. The candidate handling shows conservative calibration, although it lowers identified-occurrence recall for Action Bias.",3,"[""Near-neighbor taxonomy errors around Premature Closure"",""Duplicate predictions for the same Premature Closure instance"",""Failure to promote the well-supported Action Bias candidate"",""Unverifiable claimed corpus citations""]","[""Exact identification and localization of Outcome Bias"",""Valid, directly supportive interview quotations"",""No segment-level false alarms on the neutral disposition reasoning"",""Useful abstention rationale for the Action Bias candidate""]","Two of three hidden instances are mechanism-first true positives. Search satisficing fully captures the Premature Closure mechanism, while the duplicate anchoring claim remains a false positive.",1,3,The RAG detects 2 of 3 positive reasoning segments with no segment-level false alarms at the recommended high-and-moderate threshold.,One of three hidden instances is a strict true positive. Outcome Bias is exact; the Premature Closure episode is mislabeled with near-neighbor constructs and duplicated; Action Bias is missed as candidate-only.
Analysis Gemini Embed HC_Biased_4.json,C:\Users\Joost\Thesis\Data_Analysis\1HC\Full\Analysis Gemini Embed HC_Biased_4.json,ok,,HC_Biased_4_Gemini_on,HC_Biased_4,Gemini,Prompt 1_2,v1.0.0,on,,biased,HC_Biased_4,high_and_moderate,No change; no low-confidence identified occurrences were present.,Segment F1 rises from 0.6667 to 1.0000; strict instance F1 rises from 0.0000 to 0.5000; mechanism-first F1 rises from 0.3333 to 0.7500.,0.75,1,1,0.75,0.75,3,0.75,1,1,0.75,0.75,3,0.3333,3,1,0.5,0.25,1,4,1.0,0.0,0,1.0,4,0,4,1.0,0.0,0,1.0,4,0,4,0.6667,0.0,0,0.5,2,2,0.5,2,2,0.5,0.5,2,0.5,2,2,0.5,0.5,2,0.0,4,2,0.0,0.0,0,0.25,0.25,0.3333,,k=25,,1,HC,valid_json,conformant,generated_not_prevalidated,ontology_free_rag_cognitive_bias_benchmark_evaluation,"The run has excellent segment-level detection and strong mechanism-first performance, but strict label fidelity is limited by near-neighbor substitutions for Affect Heuristic and Primacy Bias.",4,"[""Near-neighbor taxonomy substitutions for Affect Heuristic and Primacy Bias."",""Availability analysis does not fully distinguish emotional residue from ease of recall."",""Two moderate-confidence findings are missed at the high-only threshold.""]","[""All four identified occurrences are validly quoted and localized to positive segments."",""Decoy Effect is an exact label and mechanism match."",""Status quo bias is supported by a full default-acceptance mechanism and an explicit default-bias alternative label."",""Candidates are appropriately withheld from identified findings.""]","3 of 4 hidden instances are mechanism-first true positives. The primacy/anchoring prediction is credited for full mechanism match, while the affect/availability prediction remains a partial mechanism match.",2,4,"Perfect segment detection at high_and_moderate and all-confidence thresholds, with no segment-level false alarms; high-only recall is 0.5000 because two moderate findings are excluded.",2 of 4 hidden instances are strict true positives. The affect and primacy instances are correctly localized but receive near-neighbor labels; default bias is credited through an approved equivalent label.
Analysis Gemini Embed HC_Biased_5.json,C:\Users\Joost\Thesis\Data_Analysis\1HC\Full\Analysis Gemini Embed HC_Biased_5.json,ok,,HC_Biased_5_Gemini_on,HC_Biased_5,Gemini,Prompt 1_2,v1.0.0,on,,biased,HC_Biased_5,high_and_moderate,No low-confidence occurrences were present.,Adding three moderate-confidence occurrences changes strict scoring from 2 TP/0 FP to 3 TP/2 FP and mechanism-first scoring from 2/5 to 5/5.,1,0,0,1,1,5,1,0,0,1,1,5,0.5714,3,0,1,0.4,2,9,1,0,0,1,5,0,9,1,0,0,1,5,0,9,0.5714,0,0,0.4,2,3,0.6,2,2,0.6,0.6,3,0.6,2,2,0.6,0.6,3,0.5714,3,0,1,0.4,2,0.4,0.4,0,,k=25,,1,HC,valid_json,conformant,generated_not_prevalidated,ontology_free_rag_cognitive_bias_benchmark_evaluation,"The run has perfect segment detection and mechanism-level recovery once moderate confidence is included, but strict ontology scoring exposes a taxonomy gap for two near-neighbor labels.",5,"[""Two correct-location predictions used near-neighbor labels: availability heuristic for Risk Tolerance/aversion and overconfidence effect for Optimism Bias."",""Moderate-confidence findings were omitted at the high-only threshold."",""Corpus support for one occurrence was not independently verifiable.""]","[""All five occurrences used valid supportive interview quotations."",""All five mechanisms localized to the correct episodes."",""No candidates, duplicates, unsupported quotes, or segment false alarms were present.""]","At high-and-moderate/all confidence: all five hidden mechanisms were correctly localized and detected (precision 1.0000, recall 1.0000, F1 1.0000).",0,5,All five positive segments were detected with no segment-level false alarms at high-and-moderate and all-confidence thresholds; high-only detected 2/5.,"At high-and-moderate/all confidence: 3 true positives, 2 false negatives, and 2 false positives (precision 0.6000, recall 0.6000, F1 0.6000)."
Analysis Gemini Embed HC_Biased_6.json,C:\Users\Joost\Thesis\Data_Analysis\1HC\Full\Analysis Gemini Embed HC_Biased_6.json,ok,,HC_Biased_6_Gemini_on,HC_Biased_6,Gemini,Prompt 1_2,v1.0.0,on,,biased,HC_Biased_6,high_and_moderate,No change: no low-confidence findings.,No change: no moderate-confidence findings.,0.9091,1,0,1.0,0.8333,5,0.9091,1,0,1.0,0.8333,5,0.9091,1,0,1.0,0.8333,5,2,0.9091,0.0,0,0.8333,5,1,2,0.9091,0.0,0,0.8333,5,1,2,0.9091,0.0,0,0.8333,5,1,0.7273,2,1,0.8,0.6667,4,0.7273,2,1,0.8,0.6667,4,0.7273,2,1,0.8,0.6667,4,0.1818,0.1818,0.1818,,k=25,,1,HC,valid_json,conformant,generated_not_prevalidated,ontology_free_rag_cognitive_bias_benchmark_evaluation,"Strong segment detection and mechanism recognition, with a taxonomy gap from the availability-versus-recency substitution and one conservative candidate abstention.",6,"[""Near-neighbor availability heuristic label substituted for Recency Bias."",""Ambiguity-avoidance instance remained candidate-only."",""One claimed corpus citation was unverifiable.""]","[""All identified occurrences had valid supportive evidence."",""All identified occurrences localized to positive segments."",""Four targets were captured with exact or approved-equivalent labels.""]",Five of six hidden mechanisms were correctly localized and identified.,1,5,Five of six positive reasoning segments were detected with no false alarms.,Four of six hidden instances were strict true positives; recency was labeled availability heuristic and ambiguity was not identified.
Analysis Gemini Embed HC_Biased_7.json,C:\Users\Joost\Thesis\Data_Analysis\1HC\Full\Analysis Gemini Embed HC_Biased_7.json,ok,,HC_Biased_7_Gemini_on,HC_Biased_7,Gemini,Prompt 1_2,v1.0.0,on,null,biased,HC_Biased_7,high_and_moderate,No change because there are no low-confidence identified occurrences.,"Segment hit rate rises from 0.286 to 0.429; strict F1 falls from 0.444 to 0.400, while mechanism-first F1 rises from 0.444 to 0.600.",0.6,4,0,1.0,0.428571429,3,0.6,4,0,1.0,0.428571429,3,0.444444444,5,0,1.0,0.285714286,2,8,0.6,0.0,0,0.428571429,3,4,8,0.6,0.0,0,0.428571429,3,4,8,0.444444444,0.0,0,0.285714286,2,5,0.4,5,1,0.666666667,0.285714286,2,0.4,5,1,0.666666667,0.285714286,2,0.444444444,5,0,1.0,0.285714286,2,0.2,0.2,0.0,null,k=25,null,1,HC,valid_json,conformant,generated_not_prevalidated,ontology_free_rag_cognitive_bias_benchmark_evaluation,"This corpus-on run shows conservative, low-recall detection with no segment-level false alarms. Moderate confidence improves mechanism-first coverage but exposes a taxonomy error under the strict scorecard. No dataset-level conclusion should be drawn from one interview.",7,"[""Missed Overconfidence, Expectation, Omission, and Impact instances."",""Used Search satisficing instead of the target Confirmation Bias label."",""Did not promote the caregiver-expectation candidate.""]","[""Correctly localized Anchoring and Availability with full mechanisms and approved equivalent labels."",""Captured the Confirmation mechanism with a valid exact quote."",""Candidates were appropriately abstained from.""]","TP=3, FN=4, FP=0, F1=0.600 at high-and-moderate/all confidence.",2,3,"At high-and-moderate confidence, 3 of 7 positive segments are hits and 4 are misses; all 8 negative segments are correctly rejected.","TP=2, FN=5, FP=1, F1=0.400 at high-and-moderate/all confidence."
Analysis Gemini Embed HC_Counterfactual_5.json,C:\Users\Joost\Thesis\Data_Analysis\1HC\Full\Analysis Gemini Embed HC_Counterfactual_5.json,ok,,HC_Counterfactual_5_Gemini_on,HC_Counterfactual_5,Gemini,Prompt 1_2,v1.0.0,on,,counterfactual,HC_Counterfactual_5,high_and_moderate,No change because there are no low-confidence identified occurrences.,"Segment hit rate rises from 0.4 to 1.0; strict F1 rises from 0.5714 to 0.6; mechanism-first F1 rises from 0.5714 to 1.0, with no added false alarms.",1.0,0,0,1.0,1.0,5,1.0,0,0,1.0,1.0,5,0.5714285714,3,0,1.0,0.4,2,5,1.0,0.0,0,1.0,5,0,5,1.0,0.0,0,1.0,5,0,5,0.5714285714,0.0,0,0.4,2,3,0.6,2,2,0.6,0.6,3,0.6,2,2,0.6,0.6,3,0.5714285714,3,0,1.0,0.4,2,0.4,0.4,0.0,,k=25,,1,HC,valid_json,conformant,generated_not_prevalidated,ontology_free_rag_cognitive_bias_benchmark_evaluation,"This single run shows perfect mechanism-first detection once moderate confidence is retained, while strict ontology matching exposes two near-neighbor label substitutions. No dataset-level or corpus-fidelity conclusion should be drawn from this interview alone.",5,"[""Availability bias and overconfidence bias were used instead of the benchmark's Risk Tolerance/aversion and Optimism Bias labels."",""The two mislabeled occurrences are moderate confidence, causing strict high-threshold sensitivity."",""One claimed corpus-supported occurrence cannot be independently verified from the supplied inputs.""]","[""All five hidden instances have valid, exact interview quotations and correct mechanism localization."",""Gambler's Fallacy, framing effect, and base-rate neglect are correctly labeled, with framing effect accepted as an established equivalent."",""Two plausible additional candidates were appropriately withheld from identified findings.""]","At high-and-moderate and all-confidence thresholds, all five hidden mechanisms are correctly localized and identified.",2,5,All five positive and five negative eligible segments are classified correctly when moderate confidence is included; high-only misses the three moderate-confidence positives.,"At high-and-moderate and all-confidence thresholds, 3 of 5 occurrences are strict true positives; two correctly localized full-mechanism findings use near-neighbor labels."
Analysis Gemini Embed HC_Vocab_Control_3.json,C:\Users\Joost\Thesis\Data_Analysis\1HC\Full\Analysis Gemini Embed HC_Vocab_Control_3.json,ok,,HC_Vocab_Control_3_Gemini_on,HC_Vocab_Control_3,Gemini,Prompt 1_2,v1.0.0,on,,vocabulary_control,HC_Vocab_Control_3,high_and_moderate,Adding low-confidence predictions changes nothing because no low-confidence occurrences were identified.,Adding moderate-confidence predictions adds three unsupported false positives and no true positives.,0.0,0,5,0.0,,0,0.0,0,5,0.0,,0,0.0,0,2,0.0,,0,13,,0.0,0,,0,0,13,,0.0,0,,0,0,13,,0.0,0,,0,0,0.0,0,5,0.0,,0,0.0,0,5,0.0,,0,0.0,0,2,0.0,,0,0.0,0.0,0.0,,k=25,,1,HC,valid_json,conformant,generated_not_prevalidated,ontology_free_rag_cognitive_bias_benchmark_evaluation,"This zero-bias vocabulary-control run shows correct segment-level rejection but severe instance-level overgeneration: five unsupported occurrences and two unrelated candidates, with no evidence of target-bias detection.",0,"[""The RAG output analyzes an unrelated ACL-rehabilitation interview rather than the supplied healthcare interview."",""All five identified occurrences use absent or invalid interview quotations."",""All five labels are different constructs from the zero-bias target set.""]","[""The RAG output is valid JSON with internally consistent occurrence counts."",""Confidence levels and candidates are explicitly separated.""]",No hidden instances were present; all five identified occurrences have no valid localization or mechanism match.,2,5,Zero-bias control: all 13 eligible negative segments were correctly rejected because none of the five RAG occurrences localized to this interview.,No hidden instances were present; all five identified occurrences are unsupported false positives from an unrelated interview.
Analysis Gemini Embed Off HC_Ambigious_2.json,C:\Users\Joost\Thesis\Data_Analysis\1HC\Full\Analysis Gemini Embed Off HC_Ambigious_2.json,ok,,HC_Ambigious_2_Gemini_off,HC_Ambigious_2,Gemini,Prompt 1_2,v1.0.0,off,,ambiguous_control,,high_and_moderate,No change: no identified occurrences at either threshold.,No change: no identified occurrences at either threshold.,,0,0,,,0,,0,0,,,0,,0,0,,,0,16,,0,0,,0,0,16,,0,0,,0,0,16,,0,0,,0,0,,0,0,,,0,,0,0,,,0,,0,0,,,0,,,,,k=0,,1,,valid_json,conformant,prevalidated_provided,ontology_free_rag_cognitive_bias_benchmark_evaluation,"The run is comparison-ready as a zero-bias control: it shows complete segment-level specificity with no identified-bias false alarms, while corpus fidelity remains unevaluable.",0,[],"[""Conservative abstention on a zero-occurrence control."",""Candidates include valid quotes and explicit non-bias explanations."",""All eligible segments were correctly rejected.""]",No hidden target instances and no identified occurrences; no false positives.,3,0,Perfect correct-rejection result on the 16-segment zero-bias control.,No hidden target instances and no identified occurrences; no false positives.
Analysis Gemini Embed Off HC_Biased_1.json,C:\Users\Joost\Thesis\Data_Analysis\1HC\Full\Analysis Gemini Embed Off HC_Biased_1.json,ok,,HC_Biased_1_Gemini_off,HC_Biased_1,Gemini,Prompt 1_2,v1.0.0,off,,biased,HC_Biased_1,high_and_moderate,No change; there are no low-confidence identified occurrences.,Including the moderate-confidence occurrence changes segment detection from one miss to one hit and mechanism-first instance F1 from 0.0 to 1.0; strict F1 remains 0.0 because the label is a near-neighbor.,1.0,0,0,1.0,1.0,1,1.0,0,0,1.0,1.0,1,0.0,1,0,0.0,0.0,0,7,1.0,0.0,0,1.0,1,0,7,1.0,0.0,0,1.0,1,0,7,0.0,0.0,0,0.0,0,1,0.0,1,1,0.0,0.0,0,0.0,1,1,0.0,0.0,0,0.0,1,0,0.0,0.0,0,1.0,1.0,0.0,,k=0,,1.0,HC,valid_json,conformant,prevalidated_provided,ontology_free_rag_cognitive_bias_benchmark_evaluation,"This run demonstrates strong evidence localization and mechanism detection but a taxonomy-sensitive strict-label failure. The recommended high-and-moderate threshold preserves the detected signal, while the high-only threshold is too conservative for this moderate-confidence occurrence.",1,"[""Near-neighbor label substitution: anchoring bias was used instead of the hidden Expectation Bias label."",""The moderate confidence assignment causes a complete miss under the high-only threshold.""]","[""Correct localization to the ambiguous-vital-sign interpretation."",""Full match to the hidden mechanism and reasoning operation."",""Valid, faithful interview quotations with no false-alarm occurrences."",""Appropriate abstention from promoting the confirmation-bias candidate.""]","Mechanism-first performance is perfect at the recommended threshold: 1 true positive, 0 false negatives, and 0 false positives.",1,1,"At the recommended high-and-moderate threshold, the RAG detects the sole positive segment and produces no segment-level false alarms.","Strict performance is unsuccessful: the occurrence is correctly localized with the full mechanism but labeled anchoring bias rather than Expectation Bias, yielding 0 true positives, 1 false negative, and 1 false positive."
Analysis Gemini Embed Off HC_Biased_2.json,C:\Users\Joost\Thesis\Data_Analysis\1HC\Full\Analysis Gemini Embed Off HC_Biased_2.json,ok,,HC_Biased_2_Gemini_off,HC_Biased_2,Gemini,Prompt 1_2,v1.0.0,off,,biased,HC_Biased_2,high_and_moderate,"Adding the low-confidence obs_001 changes segment detection from 1/2 to 2/2 and mechanism-first instance recall from 0.5 to 1.0; strict recall rises from 0.0 to 0.5, while one mislabeled high-confidence occurrence remains.",No change: no moderate-confidence identified occurrences were present.,1.0,0,0,1.0,1.0,2,0.6667,1,0,1.0,0.5,1,0.6667,1,0,1.0,0.5,1,18,1.0,0.0,0,1.0,2,0,18,0.6667,0.0,0,0.5,1,1,18,0.6667,0.0,0,0.5,1,1,0.5,1,1,0.5,0.5,1,0.0,2,1,0.0,0.0,0,0.0,2,1,0.0,0.0,0,0.5,0.6667,0.6667,,k=0,,1,HC,valid_json,conformant,prevalidated_provided,ontology_free_rag_cognitive_bias_benchmark_evaluation,"This run shows perfect mechanism-first detection at all confidence levels but a taxonomy error on one occurrence, producing a strict taxonomy gap; segment false-alarm control is perfect.",2,"[""Mislabeled the day-three impact-bias occurrence as omission bias."",""The correctly labeled initial omission finding was assigned low confidence and is excluded at the recommended threshold.""]","[""Both identified occurrences are localized to the correct decision episodes with valid verbatim evidence."",""Both stated mechanisms fully match the hidden mechanisms; candidates were not promoted.""]","At all confidence levels, both hidden instances are true positives with full mechanism and valid localization, yielding precision, recall, and F1 of 1.0.",2,2,"At the recommended high-and-moderate threshold, 1 of 2 positive segments is detected, with 0 false alarms; the low-confidence finding raises detection to 2 of 2.","At all confidence levels, 1 of 2 hidden instances is a strict true positive; the day-three instance is correctly located with the full mechanism but mislabeled as omission bias."
Analysis Gemini Embed Off HC_Biased_3.json,C:\Users\Joost\Thesis\Data_Analysis\1HC\Full\Analysis Gemini Embed Off HC_Biased_3.json,ok,,HC_Biased_3_Gemini_off,HC_Biased_3,Gemini,Prompt 1_2,v1.0.0,off,null,biased,HC_Biased_3,high_and_moderate,No change: there are no low-confidence identified occurrences.,Adding moderate-confidence findings raises segment hit rate from 0.3333 to 1.0 and strict instance F1 from 0.5 to 0.6667; mechanism-first F1 rises from 0.8 to 1.0.,1.0,0,0,1.0,1.0,3,1.0,0,0,1.0,1.0,3,0.8,1,0,1.0,0.6666666667,2,5,1.0,0.0,0,1.0,3,0,5,1.0,0.0,0,1.0,3,0,5,0.5,0.0,0,0.3333333333,1,2,0.6666666667,1,1,0.6666666667,0.6666666667,2,0.6666666667,1,1,0.6666666667,0.6666666667,2,0.5,2,0,1.0,0.3333333333,1,0.3333333333,0.3333333333,0.3,null,k=0,null,1,HC,valid_json,conformant,prevalidated_provided,ontology_free_rag_cognitive_bias_benchmark_evaluation,"This run has perfect segment detection and mechanism-first identification at high-and-moderate confidence, with a small strict taxonomy gap caused by a near-neighbor label choice rather than a failure to detect the underlying reasoning pattern.",3,"[""Near-neighbor label substitution: anchoring bias was used as the primary label for a premature-closure instance."",""The two non-outcome occurrences are only moderate confidence, so a high-only operating point underdetects them.""]","[""All identified quotations are valid, verbatim, and localized to the correct reasoning episodes."",""Action bias and outcome bias are correctly labeled and mechanistically grounded."",""The affect-heuristic candidate was appropriately withheld from primary scoring.""]",All three hidden mechanisms are correctly localized and detected at high-and-moderate confidence; the only taxonomy gap is the anchoring-versus-premature-closure label distinction.,1,3,"At the recommended high-and-moderate threshold, all three positive segments are detected with zero false alarms; high-only misses the two moderate-confidence episodes.","Two of three hidden instances are strict true positives. The premature-closure episode is localized and mechanistically correct but mislabeled as anchoring bias, producing one strict false negative and one near-neighbor label false positive."
Analysis Gemini Embed Off HC_Biased_4.json,C:\Users\Joost\Thesis\Data_Analysis\1HC\Full\Analysis Gemini Embed Off HC_Biased_4.json,ok,,HC_Biased_4_Gemini_off,HC_Biased_4,Gemini,Prompt 1_2,v1.0.0,off,,biased,HC_Biased_4,high_and_moderate,No change; there were no low-confidence identified occurrences.,Segment detection rises from 2 to 4 hits; strict instance F1 rises from 0.0000 to 0.5000 and mechanism-first F1 from 0.6667 to 1.0000.,1.0,0,0,1.0,1.0,4,1.0,0,0,1.0,1.0,4,0.6667,2,0,1.0,0.5,2,4,1.0,0.0,0,1.0,4,0,4,1.0,0.0,0,1.0,4,0,4,0.6667,0.0,0,0.5,2,2,0.5,2,2,0.5,0.5,2,0.5,2,2,0.5,0.5,2,0.0,4,2,0.0,0.0,0,0.5,0.5,0.6667,,k=0,,1,HC,valid_json,conformant,prevalidated_provided,ontology_free_rag_cognitive_bias_benchmark_evaluation,"This run shows perfect segment detection and mechanism-first identification at the recommended high_and_moderate threshold, with a taxonomy gap caused by two distinct but closely related labels.",4,"[""Two occurrences used near-neighbor labels instead of the benchmark's Affect Heuristic and Primacy Bias labels."",""High-only strict scoring misses both high-confidence occurrences because both high-confidence labels are near neighbors.""]","[""All four occurrences were localized with valid verbatim evidence."",""All four hidden mechanisms were captured fully under the mechanism-first scorecard."",""The candidate confirmation-bias hypothesis was appropriately abstained from as a candidate rather than promoted.""]","4 true positives, 0 false negatives, and 0 false positives at high_and_moderate and all-confidence thresholds.",1,4,4/4 positive segments detected and 4/4 negative segments correctly rejected at high_and_moderate and all-confidence thresholds.,"2 true positives, 2 false negatives, and 2 false positives at high_and_moderate and all-confidence thresholds; the two errors are correct-location near-neighbor labels."
Analysis Gemini Embed Off HC_Biased_5.json,C:\Users\Joost\Thesis\Data_Analysis\1HC\Full\Analysis Gemini Embed Off HC_Biased_5.json,ok,,HC_Biased_5_Gemini_off,HC_Biased_5,Gemini,Prompt 1_2,v1.0.0,off,,biased,HC_Biased_5,high_and_moderate,No increment; all identified occurrences were high confidence.,No increment; all identified occurrences were high confidence.,1.0,0,0,1.0,1.0,5,1.0,0,0,1.0,1.0,5,1.0,0,0,1.0,1.0,5,9,1.0,0.0,0,1.0,5,0,9,1.0,0.0,0,1.0,5,0,9,1.0,0.0,0,1.0,5,0,0.75,2,2,0.6,0.6,3,0.75,2,2,0.6,0.6,3,0.75,2,2,0.6,0.6,3,0.25,0.25,0.25,,k=0,,1,HC,valid_json,conformant,prevalidated_provided,ontology_free_rag_cognitive_bias_benchmark_evaluation,"The run shows perfect evidence localization and mechanism detection, with a 0.25 F1 taxonomy gap caused solely by two label substitutions.",5,"[""Two correct mechanisms were assigned near-neighbor labels rather than the hidden target labels.""]","[""All occurrences were correctly localized."",""All quotes were valid and directly supportive."",""All hidden mechanisms were captured.""]",5 mechanism-first true positives with no false negatives or false positives.,0,5,"Perfect segment detection: 5 hits, 0 misses, 0 false alarms, and 9 correct rejections.","3 strict true positives, 2 false negatives, and 2 false positives caused by near-neighbor labels."
Analysis Gemini Embed Off HC_Biased_6.json,C:\Users\Joost\Thesis\Data_Analysis\1HC\Full\Analysis Gemini Embed Off HC_Biased_6.json,ok,,HC_Biased_6_Gemini_off,HC_Biased_6,Gemini,Prompt 1_2,v1.0.0,off,,biased,HC_Biased_6,high_and_moderate,"Adding the low-confidence ambiguity occurrence raises segment hits from 5 to 6, strict F1 from 0.7273 to 0.8333, and mechanism-first F1 from 0.9091 to 1.0000.",Segment hits rise from 4 to 5; strict instance F1 rises from 0.6000 to 0.7273 and mechanism-first F1 from 0.8000 to 0.9091.,1.0,0,0,1.0,1.0,6,0.9091,1,0,1.0,0.8333,5,0.8,2,0,1.0,0.6667,4,2,1.0,0.0,0,1.0,6,0,2,0.9091,0.0,0,0.8333,5,1,2,0.8,0.0,0,0.6667,4,2,0.8333,1,1,0.8333,0.8333,5,0.7273,2,1,0.8,0.6667,4,0.6,3,1,0.75,0.5,3,0.1667,0.1818,0.2,,k=0,,1,HC,valid_json,conformant,prevalidated_provided,ontology_free_rag_cognitive_bias_benchmark_evaluation,"The run has perfect segment detection at the recommended threshold, with one taxonomy mismatch and one low-confidence omission; including all confidence levels yields complete mechanism-first identification.",6,"[""Availability heuristic was used instead of the hidden Recency Bias label."",""The low-confidence ambiguity occurrence is omitted at the recommended threshold.""]","[""All identified occurrences were localized with valid verbatim evidence."",""All hidden mechanisms were captured fully under the mechanism-first scorecard."",""No negative segments were flagged and no unsupported candidates were promoted.""]","At high_and_moderate, 5 true positives, 1 false negative, and 0 false positives; all six mechanisms are correctly captured when low confidence is included.",0,6,All 6 positive segments were detected and both negative segments were correctly rejected at the recommended high_and_moderate threshold.,"At high_and_moderate, 4 true positives, 2 false negatives, and 1 false positive; the error is a correct-location near-neighbor label for Recency Bias."
Analysis Gemini Embed Off HC_Biased_7.json,C:\Users\Joost\Thesis\Data_Analysis\1HC\Full\Analysis Gemini Embed Off HC_Biased_7.json,ok,,HC_Biased_7_Gemini_off,HC_Biased_7,Gemini,Prompt 1_2,v1.0.0,off,null,biased,HC_Biased_7,high_and_moderate,No change; there are no low-confidence identified occurrences.,"Adding moderate-confidence occurrences increases segment hits from 2 to 5 and instance true positives from 2 to 4, while adding one near-neighbor false positive; strict instance F1 rises from 0.444444 to 0.666667.",0.666667,3,1,0.8,0.571429,4,0.666667,3,1,0.8,0.571429,4,0.444444,5,0,1,0.285714,2,8,0.833333,0,0,0.714286,5,2,8,0.833333,0,0,0.714286,5,2,8,0.444444,0,0,0.285714,2,5,0.666667,3,1,0.8,0.571429,4,0.666667,3,1,0.8,0.571429,4,0.444444,5,0,1,0.285714,2,0,0,0,null,k=0,,1,HC,valid_json,conformant,prevalidated_provided,ontology_free_rag_cognitive_bias_benchmark_evaluation,"The run is conservative and well localized but incomplete: it detects four of seven hidden instances strictly, with a useful confirmation-bias candidate left below the identification threshold.",7,"[""Missed confirmation bias."",""Missed expectation bias."",""Substituted affect heuristic for impact bias without establishing overestimation.""]","[""Correctly localized anchoring, availability, omission, and overconfidence-related reasoning."",""Used valid interview evidence without fabricated quotations."",""Maintained conservative candidate handling and produced no negative-segment false alarms.""]",Identical to the strict result because the affect-heuristic prediction does not fully establish the hidden impact-bias mechanism.,2,5,"Strong localization and no segment-level false alarms at the recommended threshold, with five hits and two misses.","At high_and_moderate confidence, four strict true positives, three false negatives, and one near-neighbor false positive; precision 0.8, recall 0.571429, F1 0.666667."
Analysis Gemini Embed Off HC_Counterfactual_5.json,C:\Users\Joost\Thesis\Data_Analysis\1HC\Full\Analysis Gemini Embed Off HC_Counterfactual_5.json,ok,,HC_Counterfactual_5_Gemini_off,HC_Counterfactual_5,Gemini,Prompt 1_2,v1.0.0,off,,counterfactual,HC_Counterfactual_5,high_and_moderate,No change; there were no low-confidence identified occurrences.,"Adding the moderate-confidence framing finding raises segment F1 from 0.8889 to 1.0, strict instance F1 from 0.4444 to 0.6, and mechanism-first F1 from 0.8889 to 1.0.",1.0,0,0,1.0,1.0,5,1.0,0,0,1.0,1.0,5,0.8889,1,0,1.0,0.8,4,5,1.0,0.0,0,1.0,5,0,5,1.0,0.0,0,1.0,5,0,5,0.8889,0.0,0,0.8,4,1,0.6,2,2,0.6,0.6,3,0.6,2,2,0.6,0.6,3,0.4444,3,2,0.5,0.4,2,0.4,0.4,0.4445,,k=0,,1,HC,valid_json,conformant,prevalidated_provided,ontology_free_rag_cognitive_bias_benchmark_evaluation,"The run is perfect on segment detection and mechanism-first identification at the recommended threshold, while strict label performance reveals a meaningful ontology/taxonomy gap.",5,"[""Two taxonomy mismatches reduce strict performance: availability heuristic versus Risk Tolerance/aversion and overconfidence bias versus Optimism Bias."",""The framing finding is moderate confidence and is missed at the high-only threshold.""]","[""All five identified occurrences have valid, directly supportive interview evidence."",""All five hidden mechanisms are captured with exact localization."",""No negative-segment false alarms, duplicate predictions, or fabricated quotations.""]",All five hidden mechanisms are correctly localized and detected with no false positives.,0,5,"Perfect all-confidence segment detection: 5 hits, 0 misses, 0 false alarms, and 5 correct rejections.",Three of five occurrences are strict true positives; two are correctly localized with full mechanisms but near-neighbor labels.
Analysis Gemini Embed Off HC_Vocab_Control_3.json,C:\Users\Joost\Thesis\Data_Analysis\1HC\Full\Analysis Gemini Embed Off HC_Vocab_Control_3.json,ok,,HC_Vocab_Control_3_Gemini_off,HC_Vocab_Control_3,Gemini,Prompt 1_2,v1.0.0,off,,vocabulary_control,HC_Vocab_Control_3,high_and_moderate,No change; there are no low-confidence identified occurrences.,Two additional moderate-confidence false-positive occurrences are added; precision and F1 remain 0.0.,0.0,0,5,0.0,,0,0.0,0,5,0.0,,0,0.0,0,2,0.0,,0,13,,0.0,0,,0,0,13,,0.0,0,,0,0,13,,0.0,0,,0,0,0.0,0,5,0.0,,0,0.0,0,5,0.0,,0,0.0,0,2,0.0,,0,0.0,0.0,0.0,,k=0,,1,HC,valid_json,conformant,prevalidated_provided,ontology_free_rag_cognitive_bias_benchmark_evaluation,This run demonstrates catastrophic content grounding failure on a zero-bias control. Detection metrics at the segment level remain correct only because none of the unrelated occurrences can be localized; instance-level precision is 0.0 at every threshold.,0,"[""Cross-interview contamination or hallucinated ACL evidence"",""Five unsupported identified bias predictions with invalid quotes"",""One occurrence-level retrieved-support claim conflicts with corpus-off k=0 metadata""]","[""RAG output is valid JSON and its summary counts are internally consistent"",""RAG distinguishes identified occurrences from candidates"",""Benchmark metadata and the supplied zero-bias segment map permit complete thresholded adjudication""]","Same as strict: no occurrence has valid interview evidence, localization, or a mechanism relation to this zero-bias chest-pain interview.",2,5,"Zero-bias control: 13 of 13 eligible segments are correct rejections, with no localized RAG false alarm.",No hidden instances were present; all five identified occurrences are strict false positives because their evidence belongs to a different ACL interview.
Analysis Sonar Embed HC_Ambigious_2.json,C:\Users\Joost\Thesis\Data_Analysis\1HC\Full\Analysis Sonar Embed HC_Ambigious_2.json,ok,,HC_Ambigious_2_Sonar_on,HC_Ambigious_2,Sonar,Prompt 1_2,v1.0.0,on,,ambiguous_control,,high_and_moderate,No change: no identified occurrences at any confidence level.,No change: no identified occurrences at either threshold.,,0,0,,,0,,0,0,,,0,,0,0,,,0,16,,0.0,0,,0,0,16,,0.0,0,,0,0,16,,0.0,0,,0,0,,0,0,,,0,,0,0,,,0,,0,0,,,0,,,,,k=25,,1,,valid_json,conformant,prevalidated_provided,ontology_free_rag_cognitive_bias_benchmark_evaluation,The run demonstrates correct conservative behavior on a zero-occurrence ambiguous-control interview. Corpus fidelity and dataset-level significance cannot be inferred from this single run.,0,[],"[""Correctly abstained from identifying bias in a documented ambiguous control."",""Reported two plausible candidates without promoting them to findings."",""Used valid interview quotations and consistent summary counts.""]",No hidden occurrences and no false-positive identified predictions.,2,0,Perfect zero-occurrence control handling: 16 of 16 eligible segments were correct rejections.,No hidden occurrences and no false-positive identified predictions.
Analysis Sonar Embed HC_Biased_1.json,C:\Users\Joost\Thesis\Data_Analysis\1HC\Full\Analysis Sonar Embed HC_Biased_1.json,ok,,HC_Biased_1_Sonar_on,HC_Biased_1,Sonar,Prompt 1_2,v1.0.0,on,,biased,HC_Biased_1,high_and_moderate,No change: no low-confidence occurrences were present.,No change: no moderate-confidence occurrences were present.,0.6666666667,0,1,0.5,1,1,0.6666666667,0,1,0.5,1,1,0.6666666667,0,1,0.5,1,1,7,1,0,0,1,1,0,7,1,0,0,1,1,0,7,1,0,0,1,1,0,0,1,2,0,0,0,0,1,2,0,0,0,0,1,2,0,0,0,0.6666666667,0.6666666667,0.6666666667,,k=25,,1,HC,valid_json,conformant,prevalidated_provided,ontology_free_rag_cognitive_bias_benchmark_evaluation,"The run demonstrates strong segment detection and mechanism recognition but imperfect ontology precision: the main target was identified under a near-neighbor label, while a related but distinct additional construct was overdetected.",1,"[""Used anchoring bias instead of the hidden Expectation Bias label."",""Added search satisficing as a separate occurrence despite the single-instance ground truth.""]","[""Localized the target reasoning episode correctly."",""Captured the full hidden mechanism with valid verbatim interview evidence."",""Correctly avoided flagging protocol adherence, evidence updating, uncertainty tolerance, and retrospective reflection.""]","One mechanism-first true positive and one false positive, yielding precision 0.5, recall 1.0, and F1 0.6666666667.",0,2,"Perfect segment-level detection: 1 hit, 0 misses, 0 false alarms, and 7 correct rejections.","No strict true positive. The target mechanism was assigned the near-neighbor label anchoring bias, and an additional search-satisficing occurrence was a duplicate/different-construct false positive."
Analysis Sonar Embed HC_Biased_2.json,C:\Users\Joost\Thesis\Data_Analysis\1HC\Full\Analysis Sonar Embed HC_Biased_2.json,ok,,HC_Biased_2_Sonar_on,HC_Biased_2,Sonar,Prompt 1_2,v1.0.0,on,,biased,HC_Biased_2,high_and_moderate,Adding low confidence leaves segment recall complete but reduces segment F1 from 1.0 to 0.8 and mechanism-first instance F1 from 1.0 to 0.8 because of one availability false alarm; strict instance F1 falls from 0.5 to 0.4.,"Adding moderate confidence changes segment F1 from 0.6666666667 to 1.0, strict instance F1 from 0.0 to 0.5, and mechanism-first instance F1 from 0.6666666667 to 1.0.",0.8,0,1,0.6666666667,1.0,2,1.0,0,0,1.0,1.0,2,0.6666666667,1,0,1.0,0.5,1,17,0.8,0.0555555556,1,1.0,2,0,18,1.0,0.0,0,1.0,2,0,18,0.6666666667,0.0,0,0.5,1,1,0.4,1,2,0.3333333333,0.5,1,0.5,1,1,0.5,0.5,1,0.0,2,1,0.0,0.0,0,0.4,0.5,0.6666666667,,k=25,,1,HC,valid_json,conformant,prevalidated_provided,ontology_free_rag_cognitive_bias_benchmark_evaluation,"The run has strong segment detection and mechanism recognition at high_and_moderate confidence, but strict ontology performance is limited by confusing Impact Bias with the related Omission Bias construct.",2,"[""Correctly localized Impact Bias evidence was assigned the near-neighbor label Omission Bias."",""A low-confidence Availability Heuristic prediction was a false positive in a negative segment."",""Omission Bias was overcounted because the final occurrence received the same label.""]","[""Exact localization and full mechanism match for the initial Omission Bias instance."",""Exact localization and substantive mechanism capture for the final emotional-forecast instance."",""Valid interview quotations and useful abstention on the anchoring candidate.""]","The run captures both hidden mechanisms at the recommended threshold despite the taxonomy error, with mechanism-first precision, recall, and F1 all equal to 1.0.",1,3,"At the recommended high_and_moderate threshold, both positive segments are detected with no segment-level false alarms.","The run strictly matches Omission Bias but mislabels the Impact Bias occurrence as Omission Bias; all-confidence strict precision is 0.3333333333, recall is 0.5, and F1 is 0.4."
Analysis Sonar Embed HC_Biased_3.json,C:\Users\Joost\Thesis\Data_Analysis\1HC\Full\Analysis Sonar Embed HC_Biased_3.json,ok,,HC_Biased_3_Sonar_on,HC_Biased_3,Sonar,Prompt 1_2,v1.0.0,on,,biased,HC_Biased_3,high_and_moderate,No change; there are no low-confidence identified occurrences.,Segment hit rate rises from 0.6667 to 1.0000; strict F1 rises from 0.3333 to 0.5714; mechanism-first F1 rises from 0.6667 to 0.8571.,0.8571,0,1,0.75,1.0,3,0.8571,0,1,0.75,1.0,3,0.6667,1,1,0.6667,0.6667,2,5,1.0,0.0,0,1.0,3,0,5,1.0,0.0,0,1.0,3,0,5,0.8,0.0,0,0.6667,2,1,0.5714,1,2,0.5,0.6667,2,0.5714,1,2,0.5,0.6667,2,0.3333,2,2,0.3333,0.3333,1,0.2857,0.2857,0.3334,,k=25,,1,HC,valid_json,conformant,prevalidated_provided,ontology_free_rag_cognitive_bias_benchmark_evaluation,The run shows a meaningful taxonomy gap: mechanism-first performance exceeds strict label-plus-mechanism performance because the first episode is represented with related diagnostic-search terminology.,3,"[""Near-neighbor terminology for Premature Closure"",""Overlapping duplicate detection of the initial diagnostic episode"",""Action Bias is only moderate confidence""]","[""Accurate localization and evidence for Action Bias and Outcome Bias"",""Complete segment-level recall when moderate confidence is included"",""No false alarms on negative reasoning segments""]","All three hidden mechanisms are localized and matched, with one extra overlapping first-episode prediction.",0,4,Perfect segment-level detection at high-and-moderate confidence with no negative-segment false alarms; high-only misses the moderate Action Bias segment.,"Two of three hidden instances are strict true positives; Premature Closure is detected through near-neighbor terminology rather than the target label, with one overlapping extra prediction."
Analysis Sonar Embed HC_Biased_4.json,C:\Users\Joost\Thesis\Data_Analysis\1HC\Full\Analysis Sonar Embed HC_Biased_4.json,ok,,HC_Biased_4_Sonar_on,HC_Biased_4,Sonar,Prompt 1_2,v1.0.0,on,,biased,HC_Biased_4,high_and_moderate,No metric change; no low-confidence occurrences were present.,No metric change; no moderate-confidence occurrences were present.,0.75,1,1,0.75,0.75,3,0.75,1,1,0.75,0.75,3,0.75,1,1,0.75,0.75,3,4,1.0,0.0,0,1.0,4,0,4,1.0,0.0,0,1.0,4,0,4,1.0,0.0,0,1.0,4,0,0.25,3,3,0.25,0.25,1,0.25,3,3,0.25,0.25,1,0.25,3,3,0.25,0.25,1,0.5,0.5,0.5,,k=25,,1,HC,valid_json,conformant,prevalidated_provided,ontology_free_rag_cognitive_bias_benchmark_evaluation,The run is highly effective at segment detection and mechanism recovery but substantially weaker on strict ontology fidelity. Confidence threshold changes have no effect because all findings are high confidence.,4,"[""Near-neighbor taxonomy substitutions for Affect Heuristic, Decoy Effect, and Primacy Bias."",""Availability heuristic only partially captured the hidden affect-driven mechanism.""]","[""All four intended episodes were identified and localized with valid interview quotations."",""Three of four hidden mechanisms were fully captured."",""No unsupported, duplicate, candidate, or negative-segment predictions were produced.""]","Strong mechanism-first performance: 3 true positives, 1 false negative, 1 false positive, precision/recall/F1 of 0.75.",0,4,"Perfect segment-level detection: 4 hits, 0 misses, 0 false alarms, and 4 correct rejections.","Limited strict performance: 1 true positive, 3 false negatives, 3 false positives, precision/recall/F1 of 0.25."
Analysis Sonar Embed HC_Biased_5.json,C:\Users\Joost\Thesis\Data_Analysis\1HC\Full\Analysis Sonar Embed HC_Biased_5.json,ok,,HC_Biased_5_Sonar_on,HC_Biased_5,Sonar,Prompt 1_2,v1.0.0,on,,biased,HC_Biased_5,high_and_moderate,No change; no low-confidence occurrences were present.,No change; no moderate occurrences were present.,1.0,0,0,1.0,1.0,5,1.0,0,0,1.0,1.0,5,1.0,0,0,1.0,1.0,5,9,1.0,0.0,0,1.0,5,0,9,1.0,0.0,0,1.0,5,0,9,1.0,0.0,0,1.0,5,0,0.6,2,2,0.6,0.6,3,0.6,2,2,0.6,0.6,3,0.6,2,2,0.6,0.6,3,0.4,0.4,0.4,,k=25,,1,HC,valid_json,conformant,prevalidated_provided,ontology_free_rag_cognitive_bias_benchmark_evaluation,This run has perfect mechanism-first detection but a 0.6000 strict F1 because ontology labeling distinguishes two near or different constructs from the hidden target labels. Corpus support fidelity is not scoreable from the supplied inputs.,5,"[""Two correct mechanisms received non-equivalent strict labels: availability heuristic for Risk Tolerance/aversion and overconfidence effect for Optimism Bias.""]","[""All five hidden instances were identified and exactly localized."",""All five mechanisms were fully matched, with exact target or approved-equivalent labels for three instances."",""No candidate inflation, duplicate prediction, unsupported quote, or negative-segment false alarm.""]",5/5 mechanism-first instance matches with exact localization and no false positives.,0,5,"Perfect segment detection: 5 hits, 0 misses, 0 false alarms, and 9 correct rejections at every confidence threshold.",3/5 strict instance matches; the two errors are correct-location predictions with different or near-neighbor labels.
Analysis Sonar Embed HC_Biased_6.json,C:\Users\Joost\Thesis\Data_Analysis\1HC\Full\Analysis Sonar Embed HC_Biased_6.json,ok,,HC_Biased_6_Sonar_on,HC_Biased_6,Sonar,Prompt 1_2,v1.0.0,on,,biased,HC_Biased_6,high_and_moderate,No increment; no moderate or low confidence occurrences were identified.,No increment; all identified occurrences are high confidence.,0.9091,1,0,1.0,0.8333,5,0.9091,1,0,1.0,0.8333,5,0.9091,1,0,1.0,0.8333,5,2,0.9091,0.0,0,0.8333,5,1,2,0.9091,0.0,0,0.8333,5,1,2,0.9091,0.0,0,0.8333,5,1,0.7273,2,1,0.8,0.6667,4,0.7273,2,1,0.8,0.6667,4,0.7273,2,1,0.8,0.6667,4,0.1818,0.1818,0.1818,,k=25,,1,HC,valid_json,conformant,prevalidated_provided,ontology_free_rag_cognitive_bias_benchmark_evaluation,"The RAG system shows strong segment detection and mechanism recognition, with a measurable taxonomy gap caused by one near-neighbor label and one missed ambiguity instance.",6,"[""Missed Ambiguity Bias."",""Used availability heuristic rather than the target Recency Bias label.""]","[""Accurate localization and evidence fidelity."",""Correctly captured all other hidden mechanisms."",""Appropriately abstained on the Need for Closure candidate.""]","Five mechanism-first true positives, one false negative, and no false positives.",1,5,"5 hits, 1 miss, 0 false alarms, and 2 correct rejections across 8 eligible segments.","Four strict true positives, two false negatives, and one false positive from a correctly localized near-neighbor label."
Analysis Sonar Embed HC_Biased_7.json,C:\Users\Joost\Thesis\Data_Analysis\1HC\Full\Analysis Sonar Embed HC_Biased_7.json,ok,,HC_Biased_7_Sonar_on,HC_Biased_7,Sonar,Prompt 1_2,v1.0.0,on,,biased,HC_Biased_7,high_and_moderate,Including the low-confidence Omission Bias finding increases segment F1 from 0.6000 to 0.7273 and strict/mechanism-first instance F1 from 0.7273 to 0.8333.,No change: F1 remains 0.7273 for both strict and mechanism-first instance identification.,0.8333333333,2,0,1.0,0.7142857143,5,0.7272727273,3,0,1.0,0.5714285714,4,0.7272727273,3,0,1.0,0.5714285714,4,8,0.7272727273,0.0,0,0.5714285714,4,3,8,0.6,0.0,0,0.4285714286,3,4,8,0.6,0.0,0,0.4285714286,3,4,0.8333333333,2,0,1.0,0.7142857143,5,0.7272727273,3,0,1.0,0.5714285714,4,0.7272727273,3,0,1.0,0.5714285714,4,0.0,0.0,0.0,,k=25,,1,HC,valid_json,conformant,prevalidated_provided,ontology_free_rag_cognitive_bias_benchmark_evaluation,"The run is precise but incomplete: it identifies four manifested biases accurately, while missing three and conservatively retaining one affect-related possibility as a candidate.",7,"[""Underdetection of Overconfidence Bias, Expectation Bias, and Impact Bias."",""Omission Bias was correctly detected but assigned low confidence and is excluded at the recommended threshold.""]","[""Correct localization and full mechanism matching for all four identified occurrences."",""No identified false positives, duplicate predictions, or invalid interview quotations."",""Appropriate abstention on the affect-related candidate where the hidden Impact Bias mechanism was not sufficiently established.""]",Mechanism-first results equal strict results because every matched occurrence used an established equivalent or exact target label.,1,4,"At the recommended high_and_moderate threshold, 3 of 7 positive segments were detected, with 4 misses and no false alarms.","At all confidence levels, 5 of 7 hidden instances were strict true positives, with 2 false negatives and no false positives."
Analysis Sonar Embed HC_Counterfactual_5.json,C:\Users\Joost\Thesis\Data_Analysis\1HC\Full\Analysis Sonar Embed HC_Counterfactual_5.json,ok,,HC_Counterfactual_5_Sonar_on,HC_Counterfactual_5,Sonar,Prompt 1_2,v1.0.0,on,,counterfactual,HC_Counterfactual_5,high_and_moderate,No change; there were no low-confidence identified occurrences.,"Moderate confidence adds one mechanism-correct occurrence, raising segment F1 from 0.7500 to 0.8889 and mechanism-first instance F1 from 0.7500 to 0.8889, but strict instance F1 falls to 0.6667 because the added occurrence has the wrong label.",0.8889,1,0,1.0,0.8,4,0.8889,1,0,1.0,0.8,4,0.75,2,0,1.0,0.6,3,5,0.8889,0.0,0,0.8,4,1,5,0.8889,0.0,0,0.8,4,1,5,0.75,0.0,0,0.6,3,2,0.6667,2,1,0.75,0.6,3,0.6667,2,1,0.75,0.6,3,0.75,2,0,1.0,0.6,3,0.2222,0.2222,0.0,,k=25,,1.0,HC,valid_json,conformant,prevalidated_provided,ontology_free_rag_cognitive_bias_benchmark_evaluation,The run shows strong mechanism and segment detection but a meaningful taxonomy gap and incomplete separation of co-located discharge mechanisms.,5,"[""Availability heuristic was used instead of the hidden risk-tolerance/aversion label."",""The distinct optimism-bias instance at discharge was missed."",""The two distinct discharge mechanisms were represented by one combined RAG occurrence.""]","[""Evidence quotations were valid and well localized."",""Gambler's fallacy, framing, and base-rate neglect were correctly identified."",""The RAG disclosed uncertainty and non-bias interpretations.""]",Four of five hidden instances were mechanism-first true positives with no mechanism-first false positives.,0,4,"At the recommended high-and-moderate threshold, 4 of 5 positive segments were detected with no false alarms.",Three of five hidden instances were strict true positives; one correctly localized occurrence used a near-neighbor label and two instances were missed.
Analysis Sonar Embed HC_Vocab_Control_3.json,C:\Users\Joost\Thesis\Data_Analysis\1HC\Full\Analysis Sonar Embed HC_Vocab_Control_3.json,ok,,HC_Vocab_Control_3_Sonar_on,HC_Vocab_Control_3,Sonar,Prompt 1_2,v1.0.0,on,,vocabulary_control,HC_Vocab_Control_3,high_and_moderate,No change; there are no low-confidence identified occurrences.,Adding three moderate-confidence unsupported predictions increases instance false positives from 2 to 5 without changing segment-level results.,,0,5,0.0,,0,,0,5,0.0,,0,,0,2,0.0,,0,13,,0.0,0,,0,0,13,,0.0,0,,0,0,13,,0.0,0,,0,0,,0,5,0.0,,0,,0,5,0.0,,0,,0,2,0.0,,0,,,,,k=25,,1,HC,valid_json,conformant,prevalidated_provided,ontology_free_rag_cognitive_bias_benchmark_evaluation,This is a zero-bias vocabulary-control run. Segment-level rejection is perfect only because none of the five unsupported claims localizes to an eligible segment; instance-level performance is five false positives with no true positives. No corpus-fidelity conclusion is drawn.,0,"[""Five identified occurrences use fabricated or cross-interview quotations and cannot be localized."",""One citation claim cannot be verified because retrieval passages and logs are absent.""]","[""The RAG output is valid JSON with internally consistent occurrence counts."",""Two weak hypotheses were kept as candidates rather than promoted to identified occurrences.""]",Same as strict: no hidden instances were matched and all five identified occurrences lack valid interview evidence.,2,5,No localized segment alarms: all 13 negative eligible segments are correct rejections.,Zero hidden instances; all five identified occurrences are unsupported false positives because their quotes and episodes are absent from the interview.
Analysis Sonar Embed Off HC_Ambigious_2.json,C:\Users\Joost\Thesis\Data_Analysis\1HC\Full\Analysis Sonar Embed Off HC_Ambigious_2.json,ok,,HC_Ambigious_2_Sonar_off,HC_Ambigious_2,Sonar,Prompt 1_2,v1.0.0,off,,ambiguous_control,,high_and_moderate,No change: there are no identified occurrences at any threshold.,No change: there are no identified occurrences at either threshold.,,0,0,,,0,,0,0,,,0,,0,0,,,0,16,,0.0,0,,0,0,16,,0.0,0,,0,0,16,,0.0,0,,0,0,,0,0,,,0,,0,0,,,0,,0,0,,,0,,,,,k=0,,1,,valid_json,conformant,prevalidated_provided,ontology_free_rag_cognitive_bias_benchmark_evaluation,The run demonstrates appropriate conservative abstention and full zero-bias-control rejection performance; it does not provide evidence about recall on manifested bias instances.,0,[],"[""Correctly returned no supported bias occurrences."",""Correctly kept three plausible possibilities as candidates rather than promoting them."",""Provided valid JSON and disclosed the absence of retrieved corpus support.""]",No hidden target instances or identified predictions; positive-instance discrimination is not applicable.,3,0,"Perfect abstention on the zero-bias control: 16 correct rejections, 0 false alarms, and no positive segments.",No hidden target instances or identified predictions; positive-instance discrimination is not applicable.
Analysis Sonar Embed Off HC_Biased_1.json,C:\Users\Joost\Thesis\Data_Analysis\1HC\Full\Analysis Sonar Embed Off HC_Biased_1.json,ok,,HC_Biased_1_Sonar_off,HC_Biased_1,Sonar,Prompt 1_2,v1.0.0,off,,biased,HC_Biased_1,high_and_moderate,No change: no low-confidence occurrences were reported.,No change: no moderate-confidence occurrences were reported.,1.0,0,0,1.0,1.0,1,1.0,0,0,1.0,1.0,1,1.0,0,0,1.0,1.0,1,7,1.0,0.0,0,1.0,1,0,7,1.0,0.0,0,1.0,1,0,7,1.0,0.0,0,1.0,1,0,0.0,1,1,0.0,0.0,0,0.0,1,1,0.0,0.0,0,0.0,1,1,0.0,0.0,0,1.0,1.0,1.0,,k=0,,1,HC,valid_json,conformant,prevalidated_provided,ontology_free_rag_cognitive_bias_benchmark_evaluation,This run demonstrates strong mechanism-sensitive detection but a complete strict taxonomy failure for the single hidden target. The result is useful for separating ontology or label-selection error from detection and localization capability.,1,"[""Near-neighbor taxonomy substitution: anchoring bias was not an approved equivalent of Expectation Bias."",""Strict instance-level performance is zero despite correct evidence and mechanism localization.""]","[""Correctly localized the sole hidden occurrence."",""Captured the chart-derived expectation shaping interpretation of ambiguous vitals and delaying PE testing."",""Used valid, directly supportive interview quotations with no unsupported predictions or candidates.""]",The occurrence is a mechanism-first true positive with exact localization and full mechanism match.,0,1,"Perfect segment-level detection: 1 hit, 0 misses, 0 false alarms, and 7 correct rejections at every threshold.",The occurrence is a strict false negative and strict false positive because the RAG predicted anchoring bias instead of the hidden Expectation Bias label.
Analysis Sonar Embed Off HC_Biased_2.json,C:\Users\Joost\Thesis\Data_Analysis\1HC\Full\Analysis Sonar Embed Off HC_Biased_2.json,ok,,HC_Biased_2_Sonar_off,HC_Biased_2,Sonar,Prompt 1_2,v1.0.0,off,,biased,HC_Biased_2,high_and_moderate,No change because no low-confidence identified occurrences were present.,Adding moderate-confidence findings changes strict F1 from 0.0 to 0.4 and mechanism-first F1 from 0.6666667 to 0.8; it recovers the Omission Bias instance but adds one false alarm.,0.8,0,1,0.6666667,1.0,2,0.8,0,1,0.6666667,1.0,2,0.6666667,1,0,1.0,0.5,1,17,0.8,0.0555556,1,1.0,2,0,17,0.8,0.0555556,1,1.0,2,0,18,1.0,0.0,0,1.0,1,1,0.4,1,2,0.3333333,0.5,1,0.4,1,2,0.3333333,0.5,1,0.0,2,1,0.0,0.0,0,0.4,0.4,0.6666667,,k=0,,1,HC,valid_json,conformant,prevalidated_provided,ontology_free_rag_cognitive_bias_benchmark_evaluation,"This run demonstrates strong segment detection and mechanism recovery, but materially weaker strict taxonomy performance because of a near-neighbor label error and one non-target affect-heuristic false positive.",2,"[""Near-neighbor label substitution: Impact Bias was labeled omission_bias."",""Affect-heuristic prediction on the non-target reassurance-testing episode."",""The correctly identified Omission Bias was only moderate confidence.""]","[""Exact evidence localization for both hidden instances."",""Full mechanism detection for the hidden Impact Bias despite the wrong label."",""Useful abstention on the availability-heuristic candidate.""]",Both hidden mechanisms are localized and detected when mechanism is prioritized; mechanism-first F1 is 0.8 due to one unrelated false positive.,1,3,"At the recommended threshold, segment detection has perfect recall and 0.8 F1, with one false alarm.",The RAG correctly identifies Omission Bias but labels the Impact Bias mechanism as omission_bias; strict F1 is 0.4 at the recommended threshold.
Analysis Sonar Embed Off HC_Biased_3.json,C:\Users\Joost\Thesis\Data_Analysis\1HC\Full\Analysis Sonar Embed Off HC_Biased_3.json,ok,,HC_Biased_3_Sonar_off,HC_Biased_3,Sonar,Prompt 1_2,v1.0.0,off,,biased,HC_Biased_3,high_and_moderate,No change; there are no low-confidence identified occurrences.,Adding the moderate-confidence action-bias occurrence raises segment F1 from 0.8000 to 1.0000 and mechanism-first instance F1 from 0.8000 to 1.0000.,1.0,0,0,1.0,1.0,3,1.0,0,0,1.0,1.0,3,0.8,1,0,1.0,0.6667,2,5,1.0,0.0,0,1.0,3,0,5,1.0,0.0,0,1.0,3,0,5,0.8,0.0,0,0.6667,2,1,0.6667,1,1,0.6667,0.6667,2,0.6667,1,1,0.6667,0.6667,2,0.4,2,1,0.5,0.3333,1,0.3333,0.3333,0.4,,k=0,,1,HC,valid_json,conformant,prevalidated_provided,ontology_free_rag_cognitive_bias_benchmark_evaluation,"The run has perfect segment detection and mechanism-first identification at the recommended threshold, with a measurable strict taxonomy gap caused by one near-neighbor label substitution.",3,"[""Near-neighbor taxonomy error: Premature Closure was labeled Anchoring Bias."",""The moderate-confidence action-bias finding is omitted at the high-only threshold.""]","[""All identified quotes are valid and correctly localized."",""Action Bias and Outcome Bias are exact label-and-mechanism matches."",""The candidate sunk-cost finding was appropriately withheld from primary scoring.""]",All three hidden instances were mechanism-first true positives with no false positives.,1,3,All three positive segments were detected with no false alarms at the recommended high-and-moderate threshold.,Two of three hidden instances were strict true positives; the premature-closure instance was localized correctly but mislabeled as anchoring bias.
Analysis Sonar Embed Off HC_Biased_4.json,C:\Users\Joost\Thesis\Data_Analysis\1HC\Full\Analysis Sonar Embed Off HC_Biased_4.json,ok,,HC_Biased_4_Sonar_off,HC_Biased_4,Sonar,Prompt 1_2,v1.0.0,off,,biased,HC_Biased_4,high_and_moderate,No change; no low-confidence occurrences were present.,No change; no moderate-confidence occurrences were present.,0.75,1,1,0.75,0.75,3,0.75,1,1,0.75,0.75,3,0.75,1,1,0.75,0.75,3,4,1,0,0,1,4,0,4,1,0,0,1,4,0,4,1,0,0,1,4,0,0.5,2,2,0.5,0.5,2,0.5,2,2,0.5,0.5,2,0.5,2,2,0.5,0.5,2,0.25,0.25,0.25,,k=0,,1,HC,valid_json,conformant,prevalidated_provided,ontology_free_rag_cognitive_bias_benchmark_evaluation,The run shows perfect segment detection but a taxonomy-sensitive strict F1 of 0.5000. Mechanism-first scoring rises to 0.7500 because the anchoring prediction fully captured the Primacy Bias mechanism.,4,"[""Availability heuristic was used instead of Affect Heuristic with only substantial mechanism overlap."",""Anchoring bias captured the Primacy Bias mechanism but was not an equivalent target label.""]","[""All four hidden positive segments were detected and correctly localized."",""Decoy Effect and Default Bias were correctly identified at the strict level."",""The confirmation-bias candidate was appropriately withheld from identified findings.""]","3 true positives, 1 false negative, and 1 false positive; precision, recall, and F1 are 0.7500.",1,4,"4 hits, 0 misses, 0 false alarms, and 4 correct rejections across 8 eligible segments.","2 true positives, 2 false negatives, and 2 false positives; precision, recall, and F1 are 0.5000."
Analysis Sonar Embed Off HC_Biased_5.json,C:\Users\Joost\Thesis\Data_Analysis\1HC\Full\Analysis Sonar Embed Off HC_Biased_5.json,ok,,HC_Biased_5_Sonar_off,HC_Biased_5,Sonar,Prompt 1_2,v1.0.0,off,,biased,HC_Biased_5,high_and_moderate,No change; there are no low-confidence identified occurrences.,Segment hit rate rises from 0.60 to 0.80 and strict F1 from 0.50 to 0.667; the additional moderate finding is correct.,0.888888889,1,0,1.0,0.8,4,0.888888889,1,0,1.0,0.8,4,0.75,2,0,1.0,0.6,3,9,0.888888889,0.0,0,0.8,4,1,9,0.888888889,0.0,0,0.8,4,1,9,0.75,0.0,0,0.6,3,2,0.666666667,2,1,0.75,0.6,3,0.666666667,2,1,0.75,0.6,3,0.5,3,1,0.666666667,0.4,2,0.222222222,0.222222222,0.25,,k=0,,1,HC,valid_json,conformant,prevalidated_provided,ontology_free_rag_cognitive_bias_benchmark_evaluation,This corpus-off run shows strong segment detection and mechanism sensitivity but incomplete ontology alignment: the main taxonomy gap is the correctly localized salient-memory mechanism labeled as availability heuristic rather than the hidden risk-tolerance/aversion target.,5,"[""One hidden Optimism Bias occurrence was not identified."",""The risk-tolerance/aversion target was labeled availability heuristic, creating a strict taxonomy error despite full mechanism localization."",""The base-rate occurrence is only moderate confidence, reducing high-only recall.""]","[""All four identified occurrences have valid, direct interview evidence and correct episode localization."",""Gambler's Fallacy, framing effect, and Base-Rate neglect were captured with full mechanisms."",""The RAG avoided unsupported candidate findings and false alarms.""]","Across all identified confidence levels, 4 of 5 hidden mechanisms are correctly localized and captured, including the risk-related mechanism under the near-neighbor availability label.",0,4,"At the recommended high-and-moderate threshold, 4 of 5 positive segments are detected with 0 false alarms (hit rate 0.80; segment F1 0.889).","Across all identified confidence levels, 3 of 5 hidden instances are strict true positives; availability heuristic is a correct-location label error and Optimism Bias is missed."
Analysis Sonar Embed Off HC_Biased_6.json,C:\Users\Joost\Thesis\Data_Analysis\1HC\Full\Analysis Sonar Embed Off HC_Biased_6.json,ok,,HC_Biased_6_Sonar_off,HC_Biased_6,Sonar,Prompt 1_2,v1.0.0,off,,biased,HC_Biased_6,high_and_moderate,No change: there are no moderate- or low-confidence identified occurrences.,No change: all identified occurrences are high confidence.,0.9090909091,1,0,1.0,0.8333333333,5,0.9090909091,1,0,1.0,0.8333333333,5,0.9090909091,1,0,1.0,0.8333333333,5,2,0.9090909091,0.0,0,0.8333333333,5,1,2,0.9090909091,0.0,0,0.8333333333,5,1,2,0.9090909091,0.0,0,0.8333333333,5,1,0.7272727273,2,1,0.8,0.6666666667,4,0.7272727273,2,1,0.8,0.6666666667,4,0.7272727273,2,1,0.8,0.6666666667,4,0.1818181818,0.1818181818,0.1818181818,,k=0,,1,HC,valid_json,conformant,prevalidated_provided,ontology_free_rag_cognitive_bias_benchmark_evaluation,"The run has strong segment detection and mechanism coverage, but strict label performance is reduced by one ontology-neighbor substitution and one missed ambiguity mechanism.",6,"[""Missed the hidden Ambiguity Bias instance."",""Used availability heuristic instead of the benchmark's Recency Bias label, causing a strict taxonomy error despite correct localization and mechanism.""]","[""Detected the other four hidden instances with correct labels or established equivalents."",""Produced no candidate overcalls, unsupported predictions, invalid quotes, or segment-level false alarms."",""Disclosed the absence of retrieved corpus support.""]","Five mechanism-first true positives, one false negative, and zero false positives; precision 1.0000, recall 0.8333, F1 0.9091.",0,5,"Five of six positive segments detected, one miss, and zero false alarms; hit rate 0.8333 and F1 0.9091.","Four strict true positives, two false negatives, and one strict false positive from the localized availability-versus-recency label mismatch; precision 0.8000, recall 0.6667, F1 0.7273."
Analysis Sonar Embed Off HC_Biased_7.json,C:\Users\Joost\Thesis\Data_Analysis\1HC\Full\Analysis Sonar Embed Off HC_Biased_7.json,ok,,HC_Biased_7_Sonar_off,HC_Biased_7,Sonar,Prompt 1_2,v1.0.0,off,,biased,HC_Biased_7,high_and_moderate,"Including low-confidence findings raises segment F1 from 0.6 to 0.833333 and mechanism-first F1 from 0.6 to 0.833333, while strict F1 rises to 0.666667 because one low-confidence near-neighbor label creates a strict false positive.",Segment F1 and both instance-level F1 scores increase from 0.444444 to 0.6 with no added false alarms.,0.833333,2,0,1.0,0.714286,5,0.6,4,0,1.0,0.428571,3,0.444444,5,0,1.0,0.285714,2,8,0.833333,0.0,0,0.714286,5,2,8,0.6,0.0,0,0.428571,3,4,8,0.444444,0.0,0,0.285714,2,5,0.666667,3,1,0.8,0.571429,4,0.6,4,0,1.0,0.428571,3,0.444444,5,0,1.0,0.285714,2,0.166666,0.0,0.0,,k=0,,1,HC,valid_json,conformant,prevalidated_provided,ontology_free_rag_cognitive_bias_benchmark_evaluation,"The run is highly precise but recall-limited. Its low-confidence affective finding demonstrates a taxonomy gap: the mechanism is recoverable under mechanism-first scoring, but the strict label is not exact.",7,"[""Missed Overconfidence Bias."",""Missed Expectation Bias."",""Near-neighbor labeling of Impact Bias as Affect heuristic.""]","[""All five identified occurrences have valid, directly supportive interview quotations."",""Anchoring, Confirmation, Availability, and Omission findings are correctly localized and mechanistically supported."",""No negative segment was falsely flagged and no unsupported or fabricated quotation was used.""]","At all confidence levels, 5 of 7 hidden mechanisms are correctly localized and identified, with no mechanism-first false positives.",0,5,"At the recommended high-and-moderate threshold, the RAG detects 3 of 7 positive segments with no false alarms.","At all confidence levels, 4 of 7 hidden instances are strict true positives; one correctly localized Impact Bias mechanism receives the near-neighbor Affect heuristic label."
Analysis Sonar Embed Off HC_Counterfactual_5.json,C:\Users\Joost\Thesis\Data_Analysis\1HC\Full\Analysis Sonar Embed Off HC_Counterfactual_5.json,ok,,HC_Counterfactual_5_Sonar_off,HC_Counterfactual_5,Sonar,Prompt 1_2,v1.0.0,off,,counterfactual,HC_Counterfactual_5,high_and_moderate,No change; no low-confidence occurrences were present.,Strict F1 +0.1778; mechanism-first F1 +0.1111.,1,0,0,1,1,5,1,0,0,1,1,5,0.8889,1,0,1,0.8,4,5,1,0,0,1,5,0,5,1,0,0,1,5,0,5,0.8889,0,0,0.8,4,1,0.4,3,3,0.4,0.4,2,0.4,3,3,0.4,0.4,2,0.2222,4,3,0.25,0.2,1,0.6,0.6,0.6667,,k=0,,1,HC,valid_json,conformant,prevalidated_provided,ontology_free_rag_cognitive_bias_benchmark_evaluation,This corpus-off run shows strong detection and mechanism-level performance but a material taxonomy gap: strict F1 is 0.4 versus mechanism-first F1 of 1.0 at the recommended threshold.,5,"[""Three correct-location predictions use near-neighbor labels instead of the benchmark target labels."",""The base-rate occurrence is only moderate confidence, so it is omitted from the high-only threshold."",""No retrieved corpus support was available for fidelity assessment.""]","[""All five identified occurrences use valid, exact participant quotations."",""All five occurrences localize to the correct positive segments."",""Mechanisms, affected reasoning operations, and counterfactual absence-of-deadline evidence are captured accurately.""]",5/5 hidden mechanisms are correctly localized and matched when near-neighbor labels are accepted mechanism-first.,0,5,Perfect segment precision; 4/5 positive segments at high confidence and 5/5 when moderate confidence is included.,2/5 hidden instances are strict true positives; three predictions have correct evidence and mechanisms but near-neighbor labels.
Analysis Sonar Embed Off HC_Vocab_Control_3.json,C:\Users\Joost\Thesis\Data_Analysis\1HC\Full\Analysis Sonar Embed Off HC_Vocab_Control_3.json,ok,,HC_Vocab_Control_3_Sonar_off,HC_Vocab_Control_3,Sonar,Prompt 1_2,v1.0.0,off,null,vocabulary_control,HC_Vocab_Control_3,high_and_moderate,No change; all identified occurrences are high or moderate confidence.,Adds three moderate-confidence unsupported false positives; segment-level results remain unchanged because none localize to a valid segment.,0.0,0,5,0.0,,0,0.0,0,5,0.0,,0,0.0,0,2,0.0,,0,13,,0.0,0,,0,0,13,,0.0,0,,0,0,13,,0.0,0,,0,0,0.0,0,5,0.0,,0,0.0,0,5,0.0,,0,0.0,0,2,0.0,,0,0.0,0.0,0.0,null,k=0,null,1,HC,valid_json,conformant,prevalidated_provided,ontology_free_rag_cognitive_bias_benchmark_evaluation,"This zero-bias control run shows complete instance-level failure despite perfect segment-level correct rejection after invalid, unlocalizable predictions are excluded from segment localization.",0,"[""The RAG output analyzes a different ACL rehabilitation interview."",""All ten claimed evidence quotes are absent from the supplied raw interview."",""One retrieval-support claim contradicts the corpus-off, k=0 benchmark metadata.""]","[""The RAG output is valid JSON."",""Its summary counts are internally consistent."",""Candidate findings were separated from identified findings.""]",All five identified occurrences are also false positives; no mechanism-first credit is warranted.,2,5,All 13 eligible segments are zero-bias negatives and all are correct rejections because none of the five RAG occurrences can be localized.,All five identified occurrences are false positives; strict precision and F1 are 0 at every applicable threshold.
Analysis Sonnet Embed HC_Ambigious_2.json,C:\Users\Joost\Thesis\Data_Analysis\1HC\Full\Analysis Sonnet Embed HC_Ambigious_2.json,ok,,HC_Ambigious_2_Sonnet_on,HC_Ambigious_2,Sonnet,Prompt 1_2,v1.0.0,on,,ambiguous_control,,high_and_moderate,No change; there were no identified occurrences at either threshold.,No change; there were no identified occurrences at either threshold.,,0,0,,,0,,0,0,,,0,,0,0,,,0,16,,0,0,,0,0,16,,0,0,,0,0,16,,0,0,,0,0,,0,0,,,0,,0,0,,,0,,0,0,,,0,,,,,k=25,,1,,valid_json,conformant,prevalidated_provided,ontology_free_rag_cognitive_bias_benchmark_evaluation,"This zero-occurrence ambiguous-control run supports evaluation of false alarms and abstention, not recall of manifested target biases.",0,[],"[""Correctly abstained from identifying unsupported bias occurrences."",""Both candidate biases were localized and accompanied by plausible non-bias explanations.""]","No hidden bias instances or identified occurrences were present; precision, recall, and F1 are undefined.",2,0,All 16 eligible negative segments were correctly rejected; there were no positive segments or misses.,"No hidden bias instances or identified occurrences were present; precision, recall, and F1 are undefined."
Analysis Sonnet Embed HC_Biased_1.json,C:\Users\Joost\Thesis\Data_Analysis\1HC\Full\Analysis Sonnet Embed HC_Biased_1.json,ok,,HC_Biased_1_Sonnet_on,HC_Biased_1,Sonnet,Prompt 1_2,v1.0.0,on,,biased,HC_Biased_1,high_and_moderate,No change because no low-confidence occurrences were identified.,Segment metrics remain unchanged; mechanism-first precision falls from 1.0000 to 0.5000 because the moderate-confidence search-satisficing occurrence is an extra partial-mechanism false positive.,0.6667,0,1,0.5,1.0,1,0.6667,0,1,0.5,1.0,1,1.0,0,0,1.0,1.0,1,7,1.0,0.0,0,1.0,1,0,7,1.0,0.0,0,1.0,1,0,7,1.0,0.0,0,1.0,1,0,0.0,1,2,0.0,0.0,0,0.0,1,2,0.0,0.0,0,0.0,1,1,0.0,0.0,0,0.6667,0.6667,1.0,,k=25,,1.0,HC,valid_json,conformant,prevalidated_provided,ontology_free_rag_cognitive_bias_benchmark_evaluation,This run demonstrates strong segment detection and mechanism recognition but poor strict ontology alignment. The large strict-versus-mechanism-first gap indicates a taxonomy-label failure rather than failure to detect the hidden reasoning pattern.,1,"[""Near-neighbor anchoring label substituted for the hidden Expectation Bias label."",""Additional search-satisficing occurrence overdetected a distinct downstream construct.""]","[""Correct localization to the sole positive reasoning segment."",""Accurate capture of the chart-derived expectation shaping interpretation of ambiguous vital signs."",""No false alarms in negative reasoning segments.""]","The high-confidence occurrence is a mechanism-first true positive; including moderate confidence adds one related partial-mechanism false positive, yielding precision 0.5000, recall 1.0000, and F1 0.6667.",0,2,"Perfect segment-level detection: 1 hit, 0 misses, 0 false alarms, and 7 correct rejections at every confidence threshold.","The hidden occurrence was localized and mechanistically captured but assigned the wrong bias label, producing zero strict true positives; the extra search-satisficing prediction is also a strict false positive."
Analysis Sonnet Embed HC_Biased_2.json,C:\Users\Joost\Thesis\Data_Analysis\1HC\Full\Analysis Sonnet Embed HC_Biased_2.json,ok,,,,,,,,,biased,HC_Biased_2,high_and_moderate,"Adding the low-confidence Availability occurrence adds one false alarm, reducing segment F1 from 0.6667 to 0.5 and instance precision remains 0.",No metric change; no moderate-confidence occurrences were reported.,0.0,2,2,0.0,0.0,0,0.0,2,1,0.0,0.0,0,0.0,2,1,0.0,0.0,0,17,0.5,0.0556,1,0.5,1,1,18,0.6667,0.0,0,0.5,1,1,18,0.6667,0.0,0,0.5,1,1,0.0,2,2,0.0,0.0,0,0.0,2,1,0.0,0.0,0,0.0,2,1,0.0,0.0,0,0.0,0.0,0.0,,,,,HC,valid_json,conformant,prevalidated_provided,ontology_free_rag_cognitive_bias_benchmark_evaluation,"The run shows partial segment-level sensitivity but zero strict and mechanism-first instance-level success. Its main issue is taxonomy and mechanism discrimination between Impact Bias, Omission Bias, and a plausible Availability interpretation.",2,"[""Missed the initial act-versus-omission blame rationale for Omission Bias."",""Assigned Omission Bias rather than Impact Bias to the correctly localized day-three episode."",""Included a low-confidence Availability heuristic false alarm on a neutral family-reassurance segment.""]","[""Used valid, verbatim, correctly attributed evidence for the day-three episode."",""Recognized that the day-three deferral followed emotionally weighted reasoning despite updated evidence."",""Did not classify the plausible early fall precaution as a bias.""]",No mechanism-first instance-level true positives because the day-three occurrence did not fully match the hidden Impact Bias mechanism.,0,2,One of two positive segments was detected; one positive segment was missed and one negative segment generated a low-confidence false alarm at the all-confidence threshold.,No strict instance-level true positives. The day-three occurrence was correctly localized but assigned a near-neighbor label and incomplete mechanism; the day-one Omission Bias was missed.
Analysis Sonnet Embed HC_Biased_3.json,C:\Users\Joost\Thesis\Data_Analysis\1HC\Full\Analysis Sonnet Embed HC_Biased_3.json,ok,,HC_Biased_3_Sonnet_on,HC_Biased_3,Sonnet,Prompt 1_2,v1.0.0,on,null,biased,HC_Biased_3,high_and_moderate,No change: there are no low-confidence identified occurrences.,No change: all identified occurrences are high confidence.,0.6667,1,1,0.6667,0.6667,2,0.6667,1,1,0.6667,0.6667,2,0.6667,1,1,0.6667,0.6667,2,5,0.8,0.0,0,0.6667,2,1,5,0.8,0.0,0,0.6667,2,1,5,0.8,0.0,0,0.6667,2,1,0.3333,2,2,0.3333,0.3333,1,0.3333,2,2,0.3333,0.3333,1,0.3333,2,2,0.3333,0.3333,1,0.3334,0.3334,0.3334,null,k=25,null,1,HC,valid_json,conformant,prevalidated_provided,ontology_free_rag_cognitive_bias_benchmark_evaluation,"The run has strong segment localization and partial mechanism-first recovery, but strict identification is limited by near-neighbor taxonomy, duplicate reporting, and failure to promote the action-bias candidate.",3,"[""Action bias was withheld as a candidate and therefore not counted as an identified occurrence."",""Premature closure was represented by near-neighbor labels rather than the target label."",""Two identified claims were made for the same premature-closure episode.""]","[""Outcome bias was correctly labeled, localized, and mechanistically supported."",""The premature-closure mechanism was substantively recovered with valid quotations."",""The action-bias candidate was appropriately separated from primary identified findings given plausible non-bias explanations.""]","Two of three hidden mechanisms are correctly localized and detected. The premature-closure mechanism is recovered despite taxonomy mismatch, while action bias remains a candidate-only miss.",1,3,"At the recommended threshold, two of three positive segments are detected with zero false alarms; the action-bias segment is missed.","One of three hidden instances is a strict true positive. The outcome-bias occurrence is exact; the premature-closure mechanism is detected but receives near-neighbor labels, including a duplicate claim, and action bias is not identified."
Analysis Sonnet Embed HC_Biased_4.json,C:\Users\Joost\Thesis\Data_Analysis\1HC\Full\Analysis Sonnet Embed HC_Biased_4.json,ok,,HC_Biased_4_Sonnet_on,HC_Biased_4,Sonnet,Prompt 1_2,v1.0.0,on,,biased,HC_Biased_4,high_and_moderate,No change: no low-confidence identified occurrences were present.,No change: all four identified occurrences were high confidence.,0.75,1,1,0.75,0.75,3,0.75,1,1,0.75,0.75,3,0.75,1,1,0.75,0.75,3,4,1.0,0.0,0,1.0,4,0,4,1.0,0.0,0,1.0,4,0,4,1.0,0.0,0,1.0,4,0,0.5,2,2,0.5,0.5,2,0.5,2,2,0.5,0.5,2,0.5,2,2,0.5,0.5,2,0.25,0.25,0.25,,k=25,,1,HC,valid_json,conformant,prevalidated_provided,ontology_free_rag_cognitive_bias_benchmark_evaluation,"The run has perfect segment detection but only 0.5000 strict instance F1; mechanism-first F1 rises to 0.7500, indicating a meaningful taxonomy gap for Primacy Bias plus a partial Affect/Availability mechanism mismatch.",4,"[""Near-neighbor label substitution for Affect Heuristic with only substantial mechanism overlap."",""Anchoring label substituted for Primacy Bias, reducing strict score despite full mechanism capture."",""Corpus-support fidelity is not independently verifiable from the supplied artifacts.""]","[""All four identified occurrences were localized to the correct reasoning segments."",""Decoy Effect and Default Bias were exact strict matches."",""Confidence filtering produced identical results at all thresholds because every finding was high confidence and there were no candidates.""]","3 mechanism-first true positives, 1 false negative, and 1 false positive; the Primacy mechanism was captured under an Anchoring label, while Affect versus Availability remained only a substantial overlap.",0,4,Perfect segment-level detection: all 4 positive segments were hit and all 4 negative segments were correctly rejected.,"2 strict true positives, 2 false negatives, and 2 false positives; the two errors are correctly localized near-neighbor label substitutions."
Analysis Sonnet Embed HC_Biased_5.json,C:\Users\Joost\Thesis\Data_Analysis\1HC\Full\Analysis Sonnet Embed HC_Biased_5.json,ok,,HC_Biased_5_Sonnet_on,HC_Biased_5,Sonnet,Prompt 1_2,v1.0.0,on,,biased,HC_Biased_5,high_and_moderate,No change; there are no low-confidence identified occurrences.,No change; all five occurrences are high confidence.,1.0,0,0,1.0,1.0,5,1.0,0,0,1.0,1.0,5,1.0,0,0,1.0,1.0,5,9,1.0,0.0,0,1.0,5,0,9,1.0,0.0,0,1.0,5,0,9,1.0,0.0,0,1.0,5,0,0.6,2,2,0.6,0.6,3,0.6,2,2,0.6,0.6,3,0.6,2,2,0.6,0.6,3,0.4,0.4,0.4,,k=25,,1.0,HC,valid_json,conformant,prevalidated_provided,ontology_free_rag_cognitive_bias_benchmark_evaluation,The run shows perfect mechanism-first detection but a taxonomy-related strict-label gap caused by two near-neighbor substitutions.,5,"[""Two near-neighbor labels were not accepted as strict target-label equivalents."",""Corpus support was claimed for only one occurrence and cannot be independently verified.""]","[""All five bias episodes were identified and localized correctly."",""All quoted evidence was valid and directly supported the claimed mechanisms."",""No duplicate, unsupported, fabricated, or candidate-only predictions occurred.""]","All five hidden mechanisms were correctly localized and matched; precision, recall, and F1 are 1.0000.",0,5,Perfect segment-level detection: 5 of 5 positive segments hit and 0 false alarms across 14 eligible segments.,"Three strict true positives and two correct-location wrong-label errors; precision, recall, and F1 are 0.6000."
Analysis Sonnet Embed HC_Biased_6.json,C:\Users\Joost\Thesis\Data_Analysis\1HC\Full\Analysis Sonnet Embed HC_Biased_6.json,ok,,HC_Biased_6_Sonnet_on,HC_Biased_6,Sonnet,Prompt 1_2,v1.0.0,on,,biased,HC_Biased_6,high_and_moderate,No change; no moderate or low-confidence identified occurrences were present.,No change; all identified occurrences were high confidence.,0.9090909091,1,0,1.0,0.8333333333,5,0.9090909091,1,0,1.0,0.8333333333,5,0.9090909091,1,0,1.0,0.8333333333,5,2,0.9090909091,0.0,0,0.8333333333,5,1,2,0.9090909091,0.0,0,0.8333333333,5,1,2,0.9090909091,0.0,0,0.8333333333,5,1,0.5454545455,3,2,0.6,0.5,3,0.5454545455,3,2,0.6,0.5,3,0.5454545455,3,2,0.6,0.5,3,0.3636363636,0.3636363636,0.3636363636,,k=25,,1.0,HC,valid_json,conformant,prevalidated_provided,ontology_free_rag_cognitive_bias_benchmark_evaluation,The run shows strong segment detection and mechanism identification but a meaningful taxonomy gap caused by two near-neighbor labels and one missed ambiguity mechanism.,6,"[""Missed ambiguity-bias mechanism."",""Availability heuristic substituted for Recency Bias."",""Loss aversion substituted for Framing Effect.""]","[""All identified evidence quotes were valid."",""All five identified occurrences were correctly localized."",""Sunk cost, representativeness, and bandwagon instances were correctly labeled and mechanistically supported."",""The candidate was appropriately abstained.""]",Five of six hidden mechanisms were correctly localized with no false positives.,1,5,Five of six positive segments were detected with no false alarms.,Three of six hidden instances were strict true positives; two additional occurrences had correct mechanisms and locations but near-neighbor labels.
Analysis Sonnet Embed HC_Biased_7.json,C:\Users\Joost\Thesis\Data_Analysis\1HC\Full\Analysis Sonnet Embed HC_Biased_7.json,ok,,HC_Biased_7_Sonnet_on,HC_Biased_7,Sonnet,Prompt 1_2,v1.0.0,on,,biased,HC_Biased_7,high_and_moderate,No change; no low-confidence identified occurrences were present.,"Adding the moderate affect-heuristic finding raises segment F1 from 0.6000 to 0.7273, but adds one strict and mechanism-first instance false positive, lowering instance F1 from 0.6000 to 0.5455.",0.5455,4,1,0.75,0.4286,3,0.5455,4,1,0.75,0.4286,3,0.6,4,0,1.0,0.4286,3,8,0.7273,0.0,0,0.5714,4,3,8,0.7273,0.0,0,0.5714,4,3,8,0.6,0.0,0,0.4286,3,4,0.5455,4,1,0.75,0.4286,3,0.5455,4,1,0.75,0.4286,3,0.6,4,0,1.0,0.4286,3,0.0,0.0,0.0,,k=25,,1,HC,valid_json,conformant,prevalidated_provided,ontology_free_rag_cognitive_bias_benchmark_evaluation,"This run shows high precision and zero segment false-alarm rate, but limited recall. It is strongest on anchoring, confirmatory search, and availability mechanisms; conclusions about corpus fidelity or broader system performance require aggregated runs with retrieval evidence.",7,"[""Missed Overconfidence, Expectation, and Omission instances."",""The Affect heuristic prediction used a near-neighbor label and incomplete mechanism for the Impact Bias segment."",""The Omission Bias signal was retained only as an unpromoted candidate.""]","[""Correctly identified and localized Anchoring, Confirmation, and Availability."",""Interview quotations were faithful and directly supported the localized segments."",""Candidate handling was conservative and did not inflate primary scores.""]",Mechanism-first performance was identical to strict performance because the Affect heuristic prediction did not fully capture the hidden affective-forecasting mechanism.,1,4,"The RAG detected 3 of 7 positive segments at high confidence and 4 of 7 when moderate confidence was included, with no segment false alarms.",Three hidden instances were strict true positives. The moderate Affect heuristic prediction was localized correctly but was not a strict match for Impact Bias.
Analysis Sonnet Embed HC_Counterfactual_5.json,C:\Users\Joost\Thesis\Data_Analysis\1HC\Full\Analysis Sonnet Embed HC_Counterfactual_5.json,ok,,HC_Counterfactual_5_Sonnet_on,HC_Counterfactual_5,Sonnet,Prompt 1_2,v1.0.0,on,,counterfactual,HC_Counterfactual_5,high_and_moderate,No change; no moderate or low-confidence occurrences were identified.,No change; all occurrences were high confidence.,1.0,0,0,1.0,1.0,5,1.0,0,0,1.0,1.0,5,1.0,0,0,1.0,1.0,5,5,1.0,0.0,0,1.0,5,0,5,1.0,0.0,0,1.0,5,0,5,1.0,0.0,0,1.0,5,0,0.6,2,2,0.6,0.6,3,0.6,2,2,0.6,0.6,3,0.6,2,2,0.6,0.6,3,0.4,0.4,0.4,,k=25,,1,HC,valid_json,conformant,prevalidated_provided,ontology_free_rag_cognitive_bias_benchmark_evaluation,The run demonstrates perfect mechanism-first detection but a 0.40 taxonomy gap caused by two label mismatches.,5,"[""Availability heuristic was used instead of the benchmark Risk Tolerance/aversion label."",""Overconfidence bias was used instead of the benchmark Optimism Bias label.""]","[""All five hidden occurrences were identified."",""All occurrences were directly localized with valid interview evidence."",""No false alarms, duplicates, unsupported quotes, or candidate predictions occurred.""]","All five hidden mechanisms were correctly localized and identified; precision, recall, and F1 are 1.00.",0,5,"Perfect segment-level detection: 5 hits, 0 misses, 0 false alarms, and 5 correct rejections.","Three strict true positives and two correct-location wrong-label failures; precision, recall, and F1 are 0.60."
Analysis Sonnet Embed HC_Vocab_Control_3.json,C:\Users\Joost\Thesis\Data_Analysis\1HC\Full\Analysis Sonnet Embed HC_Vocab_Control_3.json,ok,,HC_Vocab_Control_3_Sonnet_on,HC_Vocab_Control_3,Sonnet,Prompt 1_2,v1.0.0,on,,vocabulary_control,HC_Vocab_Control_3,high_and_moderate,No change; there are no low-confidence identified occurrences.,Adding the three moderate-confidence occurrences increases unsupported instance-level false positives from 2 to 5; no true positives are added.,0,0,5,0,,0,0,0,5,0,,0,0,0,2,0,,0,13,,0,0,,0,0,13,,0,0,,0,0,13,,0,0,,0,0,0,0,5,0,,0,0,0,5,0,,0,0,0,2,0,,0,0,0,0,,k=25,,1,HC,valid_json,conformant,prevalidated_provided,ontology_free_rag_cognitive_bias_benchmark_evaluation,"This run is a severe content-grounding failure: the zero-bias control has perfect segment-level correct rejection only because the unrelated predictions are nonlocalizable, but it has five instance-level false positives and no true positives.",0,"[""The RAG analyzed a different ACL rehabilitation interview rather than the supplied emergency-department interview."",""All five identified findings use fabricated or absent quotes and cannot be localized."",""The system failed to abstain on a zero-bias vocabulary-control interview.""]","[""The output is parseable JSON with valid confidence values and internally consistent summary counts."",""Candidate findings were separated from identified findings, so they were not counted as detections.""]",Identical to the strict result because none of the five predictions has valid interview evidence or a matching mechanism.,2,5,All 13 eligible segments are correct rejections; no RAG occurrence validly localizes to a segment.,"Zero hidden instances and five unsupported, unrelated identified predictions; strict instance precision and recall are 0 and null respectively at every threshold."
Analysis Sonnet Embed Off HC_Ambigious_2.json,C:\Users\Joost\Thesis\Data_Analysis\1HC\Full\Analysis Sonnet Embed Off HC_Ambigious_2.json,ok,,HC_Ambigious_2_Sonnet_off,HC_Ambigious_2,Sonnet,Prompt 1_2,v1.0.0,off,,ambiguous_control,,high_and_moderate,No change; no identified occurrences at any threshold.,No change; no identified occurrences at either threshold.,,0,0,,,0,,0,0,,,0,,0,0,,,0,16,,0.0,0,,0,0,16,,0.0,0,,0,0,16,,0.0,0,,0,0,,0,0,,,0,,0,0,,,0,,0,0,,,0,,,,,k=0,,1,,valid_json,conformant,prevalidated_provided,ontology_free_rag_cognitive_bias_benchmark_evaluation,The RAG run performed correctly on this ambiguous zero-bias control. Its two candidates were appropriately withheld from the identified-bias set.,0,[],"[""Correct abstention on a zero-bias control."",""Useful candidate analysis with valid evidence and explicit non-bias explanations."",""No unsupported identified occurrences.""]",No target occurrences were requested or identified; occurrence counts exactly matched both zero-occurrence targets.,2,0,16/16 negative segments correctly rejected; no positive segments were present.,No target occurrences were requested or identified; occurrence counts exactly matched both zero-occurrence targets.
Analysis Sonnet Embed Off HC_Biased_1.json,C:\Users\Joost\Thesis\Data_Analysis\1HC\Full\Analysis Sonnet Embed Off HC_Biased_1.json,ok,,HC_Biased_1_Sonnet_off,HC_Biased_1,Sonnet,Prompt 1_2,v1.0.0,off,,biased,HC_Biased_1,high_and_moderate,No change; the sole candidate remains excluded.,No change; no moderate-confidence identified occurrences.,1,0,0,1,1,1,1,0,0,1,1,1,1,0,0,1,1,1,7,1,0,0,1,1,0,7,1,0,0,1,1,0,7,1,0,0,1,1,0,0,1,1,0,0,0,0,1,1,0,0,0,0,1,1,0,0,0,1,1,1,,k=0,,1,HC,valid_json,conformant,prevalidated_provided,ontology_free_rag_cognitive_bias_benchmark_evaluation,"The run detects and explains the hidden occurrence accurately at the mechanism level, but shows a complete strict-scorecard taxonomy gap for this instance.",1,"[""Near-neighbor taxonomy label caused a strict label mismatch.""]","[""Correct phase-two localization."",""Verbatim, supportive interview evidence."",""Full capture of the hidden mechanism."",""Appropriate abstention on the confirmation-bias candidate.""]",Perfect mechanism-first identification: 1/1 hidden instance matched with correct localization and full mechanism overlap.,1,1,"Perfect segment-level detection: 1/1 positive segment hit, 0 misses, and 0 false alarms across 8 eligible segments.",Failure under strict scoring: the occurrence was localized and mechanistically correct but labeled anchoring bias instead of Expectation Bias.
Analysis Sonnet Embed Off HC_Biased_2.json,C:\Users\Joost\Thesis\Data_Analysis\1HC\Full\Analysis Sonnet Embed Off HC_Biased_2.json,ok,,HC_Biased_2_Sonnet_off,HC_Biased_2,Sonnet,Prompt 1_2,v1.0.0,off,,biased,HC_Biased_2,high_and_moderate,No change; there are no low-confidence identified occurrences.,Adding the moderate-confidence occurrence raises segment detection from 0.50 to 1.00 hit rate but lowers strict and mechanism-first instance precision from 1.00 to 0.50.,0.5,1,1,0.5,0.5,1,0.5,1,1,0.5,0.5,1,0.6666666667,1,0,1.0,0.5,1,18,1.0,0.0,0,1.0,2,0,18,1.0,0.0,0,1.0,2,0,18,0.6666666667,0.0,0,0.5,1,1,0.5,1,1,0.5,0.5,1,0.5,1,1,0.5,0.5,1,0.6666666667,1,0,1.0,0.5,1,0.0,0.0,0.0,,k=0,,1,HC,valid_json,conformant,prevalidated_provided,ontology_free_rag_cognitive_bias_benchmark_evaluation,"The run demonstrates strong segment detection and good evidence grounding, but only partial ontology-level accuracy. It detects both relevant episodes while correctly classifying only the omission-bias instance.",2,"[""Conflation of Availability heuristic with Impact Bias"",""Failure to identify overestimated emotional intensity and durability as the defining mechanism"",""Moderate-confidence prediction reduces instance precision""]","[""Exact identification and localization of Omission Bias"",""Valid interview quotations"",""Useful abstention on the affect-heuristic candidate"",""No negative-segment false alarms""]",Same as strict scoring because the mislabeled Availability heuristic occurrence does not fully match the hidden impact-bias mechanism.,1,2,Perfect segment-level detection at moderate-inclusive thresholds with no segment false alarms; high-confidence-only detection misses the impact-bias segment.,One of two hidden instances is a strict true positive. The second is localized correctly but mislabeled as Availability heuristic and lacks the full impact-bias mechanism.
Analysis Sonnet Embed Off HC_Biased_3.json,C:\Users\Joost\Thesis\Data_Analysis\1HC\Full\Analysis Sonnet Embed Off HC_Biased_3.json,ok,,HC_Biased_3_Sonnet_off,HC_Biased_3,Sonnet,Prompt 1_2,v1.0.0,off,,biased,HC_Biased_3,high_and_moderate,No change; there were no low-confidence identified occurrences.,Adding the moderate-confidence Action Bias finding raises segment F1 from 0.8000 to 1.0000 and strict instance F1 from 0.4000 to 0.6667.,1.0,0,0,1.0,1.0,3,1.0,0,0,1.0,1.0,3,0.8,1,0,1.0,0.6667,2,5,1.0,0.0,0,1.0,3,0,5,1.0,0.0,0,1.0,3,0,5,0.8,0.0,0,0.6667,2,1,0.6667,1,1,0.6667,0.6667,2,0.6667,1,1,0.6667,0.6667,2,0.4,2,1,0.5,0.3333,1,0.3333,0.3333,0.4,,k=0,,1,HC,valid_json,conformant,prevalidated_provided,ontology_free_rag_cognitive_bias_benchmark_evaluation,"This single run shows perfect segment detection and mechanism-first identification when moderate confidence is included, with a taxonomy error reducing strict label-plus-mechanism performance. No dataset-level, corpus-fidelity, or prompt-ranking conclusions should be drawn from this interview alone.",3,"[""The Premature Closure instance was labeled anchoring_bias, a correctly localized near-neighbor rather than the target label."",""The Action Bias finding was only moderate confidence and is missed at the high-only threshold."",""Corpus fidelity cannot be assessed because no retrieved support was provided.""]","[""All three positive segments were correctly localized."",""Action Bias and Outcome Bias were exact strict matches."",""The candidate disposition concern was appropriately withheld from identified-bias scoring.""]","At all identified confidence levels, mechanism-first performance was 3 true positives with no false negatives or false positives, with F1 1.0000.",1,3,"At the high-and-moderate threshold, all 3 positive segments were detected with 0 false alarms across 8 eligible segments.","At all identified confidence levels, strict performance was 2 true positives, 1 false negative, and 1 false positive, with F1 0.6667."
Analysis Sonnet Embed Off HC_Biased_4.json,C:\Users\Joost\Thesis\Data_Analysis\1HC\Full\Analysis Sonnet Embed Off HC_Biased_4.json,ok,,HC_Biased_4_Sonnet_off,HC_Biased_4,Sonnet,Prompt 1_2,v1.0.0,off,,biased,HC_Biased_4,high_and_moderate,No change: no moderate or low-confidence identified occurrences are present.,No change: all four identified occurrences are high confidence and there are no candidates.,0.75,1,1,0.75,0.75,3,0.75,1,1,0.75,0.75,3,0.75,1,1,0.75,0.75,3,4,1.0,0.0,0,1.0,4,0,4,1.0,0.0,0,1.0,4,0,4,1.0,0.0,0,1.0,4,0,0.25,3,3,0.25,0.25,1,0.25,3,3,0.25,0.25,1,0.25,3,3,0.25,0.25,1,0.5,0.5,0.5,,k=0,,1,HC,valid_json,conformant,prevalidated_provided,ontology_free_rag_cognitive_bias_benchmark_evaluation,The run is strong at episode detection and localization but weak under strict ontology matching; the 0.50 taxonomy gap shows that mechanism-first scoring better reflects the two fully captured near-neighbor mechanisms while still penalizing the availability/affect mechanism distinction.,4,"[""Three near-neighbor labels fail strict target-label matching."",""The availability interpretation does not fully match the hidden affective-residue mechanism.""]","[""All four hidden episodes were identified and correctly localized with valid interview evidence."",""Default bias was an exact label-and-mechanism match; decoy and primacy mechanisms were fully captured despite label mismatch.""]","3/4 mechanism-first true positives; precision, recall, and F1 are 0.75, with the affect-versus-availability finding retaining only substantial mechanism overlap.",0,4,"Perfect segment-level detection: 4 hits, 0 misses, 0 false alarms, and 4 correct rejections.","1/4 strict true positives; precision, recall, and F1 are 0.25 because three correctly localized findings use near-neighbor labels."
Analysis Sonnet Embed Off HC_Biased_5.json,C:\Users\Joost\Thesis\Data_Analysis\1HC\Full\Analysis Sonnet Embed Off HC_Biased_5.json,ok,,HC_Biased_5_Sonnet_off,HC_Biased_5,Sonnet,Prompt 1_2,v1.0.0,off,,biased,HC_Biased_5,high_and_moderate,No change: there were no moderate or low-confidence identified occurrences.,No change: all five identified occurrences were high confidence.,1.0,0,0,1.0,1.0,5,1.0,0,0,1.0,1.0,5,1.0,0,0,1.0,1.0,5,9,1.0,0.0,0,1.0,5,0,9,1.0,0.0,0,1.0,5,0,9,1.0,0.0,0,1.0,5,0,0.4,3,3,0.4,0.4,2,0.4,3,3,0.4,0.4,2,0.4,3,3,0.4,0.4,2,0.6,0.6,0.6,,k=0,,1,HC,valid_json,conformant,prevalidated_provided,ontology_free_rag_cognitive_bias_benchmark_evaluation,"The run has perfect segment detection and mechanism-first identification, but strict label performance is reduced by taxonomy mismatch on availability heuristic versus risk aversion, loss aversion versus framing, and overconfidence effect versus optimism bias.",5,"[""Three correct-location predictions used related or different labels instead of the benchmark target labels."",""No corpus retrieval support was available for fidelity scoring.""]","[""All five hidden instances were identified and exactly localized."",""All five mechanisms and reasoning operations were correctly captured."",""No duplicate, unsupported, or candidate-promoted predictions occurred.""]","5/5 mechanism-first true positives; precision, recall, and F1 are 1.0.",0,5,5/5 positive segments detected; 0 false alarms; segment F1 1.0.,"2/5 strict true positives; precision, recall, and F1 are 0.4."
Analysis Sonnet Embed Off HC_Biased_6.json,C:\Users\Joost\Thesis\Data_Analysis\1HC\Full\Analysis Sonnet Embed Off HC_Biased_6.json,ok,,HC_Biased_6_Sonnet_off,HC_Biased_6,Sonnet,Prompt 1_2,v1.0.0,off,,biased,HC_Biased_6,high_and_moderate,No change; no moderate or low confidence occurrences were present.,No change; all identified occurrences are high confidence.,1.0,0,0,1.0,1.0,6,1.0,0,0,1.0,1.0,6,1.0,0,0,1.0,1.0,6,2,1.0,0.0,0,1.0,6,0,2,1.0,0.0,0,1.0,6,0,2,1.0,0.0,0,1.0,6,0,0.6667,2,2,0.6667,0.6667,4,0.6667,2,2,0.6667,0.6667,4,0.6667,2,2,0.6667,0.6667,4,0.3333,0.3333,0.3333,,k=0,,1,HC,valid_json,conformant,prevalidated_provided,ontology_free_rag_cognitive_bias_benchmark_evaluation,"The run demonstrates perfect detection and mechanism-level performance, with a strict taxonomy gap caused by two related but non-equivalent labels.",6,"[""Availability Heuristic was used instead of the target Recency Bias label."",""Need for Closure was used instead of the target Ambiguity Bias label.""]","[""All six occurrences were localized to valid supporting interview spans."",""All hidden mechanisms were correctly identified."",""The output used valid quotations and maintained consistent occurrence counts.""]",Perfect mechanism-first identification: all six hidden mechanisms were correctly localized and matched.,0,6,Perfect segment-level detection: all six positive segments were hit and both negative segments were correctly rejected.,Four of six instances were strict true positives; two correctly localized near-neighbor labels produced strict false negatives and false positives.
Analysis Sonnet Embed Off HC_Biased_7.json,C:\Users\Joost\Thesis\Data_Analysis\1HC\Full\Analysis Sonnet Embed Off HC_Biased_7.json,ok,,HC_Biased_7_Sonnet_off,HC_Biased_7,Sonnet,Prompt 1_2,v1.0.0,off,,biased,HC_Biased_7,high_and_moderate,No change; there are no low-confidence identified occurrences.,Adding moderate-confidence predictions increases segment and instance recall from 0.2857 to 0.7143 and F1 from 0.4444 to 0.8333 without adding false positives.,0.8333333333,2,0,1,0.7142857143,5,0.8333333333,2,0,1,0.7142857143,5,0.4444444444,5,0,1,0.2857142857,2,8,0.8333333333,0,0,0.7142857143,5,2,8,0.8333333333,0,0,0.7142857143,5,2,8,0.4444444444,0,0,0.2857142857,2,5,0.8333333333,2,0,1,0.7142857143,5,0.8333333333,2,0,1,0.7142857143,5,0.4444444444,5,0,1,0.2857142857,2,0,0,0,,k=0,,1,HC,valid_json,conformant,prevalidated_provided,ontology_free_rag_cognitive_bias_benchmark_evaluation,"The run shows high precision and strong localization but incomplete recall, especially at the high-confidence threshold. Moderate-confidence predictions materially improve coverage without increasing false alarms.",7,"[""Missed Overconfidence Bias."",""Missed Expectation Bias."",""High-only threshold excludes three correctly identified moderate-confidence occurrences.""]","[""All five identified occurrences are correctly localized."",""All five identified occurrences have full mechanism matches."",""No false-positive identified occurrences; one useful overconfidence candidate was retained.""]","Identical to strict scoring because the sole alias, Availability heuristic, is an approved equivalent.",1,5,"At the recommended threshold, 5 of 7 positive reasoning segments are detected with no false alarms.","Five of seven hidden instances are strict true positives; two are missed, with no false positives."
Analysis Sonnet Embed Off HC_Counterfactual_5.json,C:\Users\Joost\Thesis\Data_Analysis\1HC\Full\Analysis Sonnet Embed Off HC_Counterfactual_5.json,ok,,HC_Counterfactual_5_Sonnet_off,HC_Counterfactual_5,Sonnet,Prompt 1_2,v1.0.0,off,,counterfactual,HC_Counterfactual_5,high_and_moderate,No change: no low-confidence occurrences were identified.,No change: all four identified occurrences are high confidence.,0.8889,1,0,1.0,0.8,4,0.8889,1,0,1.0,0.8,4,0.8889,1,0,1.0,0.8,4,5,0.8889,0.0,0,0.8,4,1,5,0.8889,0.0,0,0.8,4,1,5,0.8889,0.0,0,0.8,4,1,0.6667,2,1,0.75,0.6,3,0.6667,2,1,0.75,0.6,3,0.6667,2,1,0.75,0.6,3,0.2222,0.2222,0.2222,,k=0,,1,HC,valid_json,conformant,prevalidated_provided,ontology_free_rag_cognitive_bias_benchmark_evaluation,"This high-confidence, corpus-off run shows strong mechanism-level detection but a taxonomy-sensitive strict gap: it found four of five hidden manifestations, missed the separate optimism manifestation, and used a near-neighbor availability label for the vivid-prior-case mechanism.",5,"[""Availability heuristic was a near-neighbor label rather than the hidden Risk Tolerance/aversion target, creating a strict label error despite a full mechanism match."",""Optimism Bias at discharge was not separately identified; the base-rate occurrence combined adjacent week-sixteen evidence but matched only the direct risk-communication mechanism.""]","[""All four identified occurrences used valid participant evidence and correct episode localization."",""Gambler's Fallacy and Base-Rate neglect were exact target matches; framing effect was an approved equivalent."",""No negative-segment false alarms, duplicate claims, unsupported predictions, or fabricated quotations were found.""]","4/5 hidden mechanisms were correctly localized and identified with 0 false positives; precision 1.0000, recall 0.8000, F1 0.8889.",0,4,"4/5 positive segments hit, 1 missed, and 0 negative segments falsely flagged; hit rate 0.8000 and F1 0.8889.","3/5 hidden instances were strict true positives; the availability label caused 1 strict false positive and 2 hidden instances were false negatives; precision 0.7500, recall 0.6000, F1 0.6667."
Analysis Sonnet Embed Off HC_Vocab_Control_3.json,C:\Users\Joost\Thesis\Data_Analysis\1HC\Full\Analysis Sonnet Embed Off HC_Vocab_Control_3.json,ok,,HC_Vocab_Control_3_Sonnet_off,HC_Vocab_Control_3,Sonnet,Prompt 1_2,v1.0.0,off,null,vocabulary_control,HC_Vocab_Control_3,high_and_moderate,No change; there are no low-confidence identified occurrences.,Three moderate-confidence unsupported findings increase false positives from 2 to 5.,0.0,0,5,0.0,,0,0.0,0,5,0.0,,0,0.0,0,2,0.0,,0,13,,0.0,0,,0,0,13,,0.0,0,,0,0,13,,0.0,0,,0,0,0.0,0,5,0.0,,0,0.0,0,5,0.0,,0,0.0,0,2,0.0,,0,0.0,0.0,0.0,null,k=0,null,1,HC,valid_json,conformant,prevalidated_provided,ontology_free_rag_cognitive_bias_benchmark_evaluation,The run produces no localized detections for the zero-bias vocabulary-control interview but has five instance-level false positives; the key comparison signal is poor zero-bias false-positive control.,0,"[""Five identified occurrences use absent cross-interview quotations."",""All five labels are different constructs from the hidden zero-bias target set."",""Both candidates concern a different ACL interview.""]","[""The JSON is parseable with internally consistent counts."",""Candidates were not promoted to identified findings."",""Most occurrences disclose unavailable direct corpus support.""]",Same as strict; the five unrelated claims provide neither valid evidence nor a matching hidden mechanism.,2,5,All 13 eligible segments are negative and correctly rejected because none of the five identified findings can be localized.,"Zero-bias control: 0 true positives, 0 false negatives, and 5 unsupported false positives at high-and-moderate confidence."
